No.,Category,Level ,Question,Ans.1,Ans.2,Ans.3,Ans.4,Correct Ans.
1,Situation,Easy,You are assigned a task with a deadline next week. A teammate asks for help on a small issue that will take 10 minutes.,Ignore them and focus only on your work,"Help them quickly, then return to your task",Tell them to ask someone else,Report them for interrupting you,Ans.2
2,Situation,Easy,"You are assigned two tasks at the same time: Task A is urgent and due today Task B is important, but it will be due for two days What should you do?",Start working on Task B because it is important,Try to do both tasks at the same time,"Prioritize Task A, then complete Task B",Ignore Task A and ask for an extension,Ans.3
3,Situation,Easy,Two of your teammates are arguing during a group project. What is the best action?,Ignore them,Take sides to the one who is right,Help them calm down and focus on the task,Leave them to solve the problem,Ans.3
4,Situation,Easy,You realize you might not finish your task on time. What should you do?,Say nothing and hope for the best,Make an excuse,Blame someone else,Inform your supervisor early,Ans.4
5,Situation,Easy,Our manager gives you a new task while you are already busy. What should you do first?,Ignore the new task,Stop your current task immediately,Ask which task is the priority,Do both at the same time quickly,Ans.2
6,Situation,Easy,You notice you made a small mistake in your work. What should you do?,Fix it immediately,Accept the mistake,Ignore it,Blame someone else,Ans.1
7,Situation,Easy,You are working in an office and you overhear a work colleague being verbally abusive to a co-worker. What would you do?,This is none of my business. I would ignore it and let the work colleagues sort it out amongst themselves. I have important tasks to finish.,"I would join in with the abuse. After all, a bit of banter' never did anyone any harm, and it's good for team morale.",". I would step in and stop the abuse immediately, check the coworker was OK before reporting the incident to my manager. Any form of abuse is unacceptable, and should be stopped immediately.",I would report the abuse to my manager so they could decide whether or not it needed to be tackled.,Ans.3
8,Situation,Easy,"You are working on an important project when a co-worker, who has just started work at the company, approaches you to ask for advice on how to complete a specific task. What would you do?","Because they are new, tell them to find out how to complete the task themselves. After all, you had to learn the hard way when you joined the company.","Stop what you are doing and help them. If it means you have to put in extra time to get your own project finished, so be it. It's important to offer your support because you are part of the same team.",Tell them you are too busy. Advise they speak to a different coworker who might be able to assist them.,Tell the co-worker you will help them but they will have to come back another time once you have finished your project.,Ans.4
9,Situation,Easy,A customer calls you to complain about the service they have received. They are angry about the situation and they start shouting at you. How would you deal with this situation?,"Tell the customer that, unless they stop shouting at you, you will not deal with their complaint. You have rights too, and you are not prepared to be spoken to in that manner.",Let the customer speak and listen to their concerns. You don't take what they say personally. Show empathy for the customer's situation and apologize quickly if the company is at fault. Tell the customer you would feel the same as them if the situation had happened to you before outlining what you will do to put things right.,"Tell the customer you will pass on their complaint to your supervisor and he or she will be in touch as soon as they are available. Write down the details of the customer's complaint, and their telephone contact number, before passing on the information to your supervisor.",Tell the customer you will ask your supervisor to contact them as soon as possible. Take down their number and pass it on to your supervisor for them to deal with.,Ans.2
10,Situation,Easy,Your manager walks into the office and asks for a volunteer to cover the work of a co-worker who has gone off sick. The volunteer must do their own work in addition to their co-workers. What would you do?,Wait to see if anyone else volunteers first before putting my hand up.,"Ask my manager if I will get paid for the extra duties. If they say yes, then I will volunteer.",Volunteer to do the work. Once I had received a brief from my manager I would quickly learn my co workers responsibilities before prioritizing my tasks and commencing work.,I would not volunteer. I have enough on my plate without having to do someone else's work too!,Ans.3
11,Situation,Easy,You turn up to work early one morning and notice the cleaner has not emptied the bins or cleaned the work surfaces. What would you do?,Inform my manager so they can speak to the cleaner's supervisor to complain.,Empty the bins myself and clean the work surfaces. I would then inform my manager so he or she could raise the issue with the cleaner's supervisor to make sure it does not happen again.,Try and contact the cleaner to let them know they need to come back and finish the job properly.,"I am not a cleaner; therefore, this it isn't my problem. I would simply start my working day as normal and get on with my tasks and responsibilities.",Ans.2
12,Situation,Easy,The time is 4:55pm on a Friday afternoon and you are working in a store serving customers. You look up to see a queue of 15 customers waiting to be served but there's only 5 minutes until closing time. What would you do?,Continue serving customers until 5 pm and then stop. Apologise to the customers you are unable to serve before shutting up shop and going home.,Ask my manager what I should do.,Continue serving customers up until 5 pm and then stop. Apologise to the customers you are unable to serve but tell them to come back first thing in the morning and you will serve them then.,"Carry on serving the customers and once 5pm arrives close the store so no more customers can enter. Then, finish off serving all the remaining customers until you have finished, even if it takes you past 5pm.",Ans.4
13,Situation,Easy,What would you do if a manager asked you to perform a task you've never done before?,Refuse to do it,Try randomly without understanding,Ask for guidance and learn how to do it,Ignore the request,Ans.3
14,Situation,Easy,What would you do if an angry and dissatisfied customer confronted you?,Argue with them,Ignore them,"Stay calm, listen, and try to resolve the issue",Walk away,Ans.3
15,Situation,Easy,Explain a time when you felt like your workload overwhelmed you. How did you manage it?,Stop working,Complain without action,Prioritize tasks and manage time effectively,Leave tasks unfinished,Ans.3
16,Situation,Easy,"Consider a scenario where a customer insists on speaking to a manager, but you're the only person available. How would you approach this?",Ignore the customer,Tell them to come later,Try to resolve the issue and escalate later,End the conversation,Ans.3
17,Situation,Easy,Have you ever disagreed with your manager about the best way to handle a situation? How did that discussion go?,Argue aggressively,Ignore your manager,Discuss respectfully and explain your opinion,Refuse to cooperate,Ans.3
18,Situation,Easy,Your friend has not invited you to his marriage party. You will :,send him your best wishes.,ignore the whole affair.,attend the ceremony.,hold it against him.,Ans.1
19,Situation,Easy,You are interviewed for a new job. Which of the following questions is most important to you?,remuneration you will be paid.,all the above are equally important.,scope to develop your ideas and use them to improve the working of the organization.,opportunities for promotion.,Ans.3
20,Situation,Easy,You have a tight deadline and your teammate is late. What do you do?,Ignore it,Report immediately,Try to help and communicate,Do nothing,Ans.3
21,Situation,Easy,You see someone breaking rules,Ignore,Join them,Report appropriately,Laugh,Ans.3
22,Situation,Easy,Your manager asks you to do something you think is wrong.,Do it blindly,Refuse aggressively,Ask questions and raise concern professionally,Ignore,Ans.3
23,Situation,Intermediate,"You worked hard on a project, but your teammate presents it and takes most of the credit. What should you do?",Confront them angrily in front of everyone,Say nothing and ignore it,Report them immediately to your manager,Talk to them privately and clarify the situation,Ans.4
24,Situation,Intermediate,"In a group project, one member is not contributing at all. What is the best action?",Do their part yourself,Remove them from the group,Talk to them and understand the reason first,Complain directly to the professor,Ans.3
25,Situation,Intermediate,"You planned to study, but your friends invited you out. What should you do?",Balance your priorities and decide based on urgency,stay home and study,Always go out with friends,Ignore your friends completely,Ans.1
26,Situation,Intermediate,You disagree with a family member about an important decision. What should you do?,Shout to prove your point,Stay silent even if you disagree,Discuss calmly and respect their opinion,Avoid them completely,Ans.3
27,Situation,Intermediate,You see your friend cheating during an exam. What should you do?,Ignore it completely,Focus on your own exam and avoid involvement,Join them,Immediately create a scene during the exam and tell the Doctor,Ans.2
28,Situation,Intermediate,You borrowed something from a friend and accidentally broke it. What should you do?,Return it without saying anything,Blame someone else,Say sorry,Admit it and offer to fix or replace it,Ans.4
29,Situation,Intermediate,"Your family asks for help at home, but you are busy with personal work. What should you do?",Refuse immediately because you have work to do,Help them,Explain your situation and help when possible,Get angry,Ans.3
30,Situation,Intermediate,Your manager asks you to complete a task you have never done before. The task is not included in your job description and you have no idea how to complete it. What would you do?,"Agree to do the task and find out myself how to complete it to the required standard. Although the task is not within my job description, I would see this as an opportunity to learn new skills.","Because the task is not within my job description, I would refuse to do it.","Ask my manager for guidance on how to complete the task. Even though it is not within my job description, I am happy to do it.","Ask my manager if I will receive additional pay for the task that is not within my job description. If I am going to get paid, I will do it. If I am not going to receive any pay, then I don't see why I should do it.",Ans.3
31,Situation,Intermediate,"A co-worker tells you she is planning to take a week's sick leave, when actually she is going on holiday. How do you respond?",Do nothing and pretend she hasn't told you. This is none of your business.,Advise your co-worker that being dishonest is likely to get her into trouble. Urge her to be honest with your Supervisor.,"Tell her to have fun on her vacation. If she gets away with it, consider doing it yourself.",Consult your other work colleagues to see what they think you should do in this situation. It's better to get a second opinion,Ans.2
32,Situation,Intermediate,"You are working with a colleague on an important project. You notice he's not putting in much effort, and he shows a lack of enthusiasm. What would you do?",Talk to your colleague and explain this is a mutual project and you need his help to get it finished.,Put in extra effort yourself to make sure the project is finished on time. It's best to avoid confrontational situations at work.,Inform your team leader and ask them if they will speak to your colleague.,"Do nothing and carry on as normal. If the project doesn't get completed on time, it's your work colleagues fault and not yours.",Ans.1
33,Situation,Intermediate,You notice large amounts of company property has been going missing over the past few weeks. You see one of your work colleagues putting stationary and other company equipment into her bag. What would you do in this situation?,Watch your work colleague over the next few days to gather more evidence. You don't have enough evidence yet.,"Don't do anything. If guilty, she will eventually be caught.","Tell your colleague to put the company property back and don't do it again! If she does, you will inform your supervisor.",Immediately inform your supervisor what you believe your work colleague has been doing.,Ans.4
34,Situation,Intermediate,You are 7 days away from completing an important client project when a member of your team goes off sick. It will now be difficult to finish the project on time without them. Your supervisor is off on holiday. What would you do?,"Carry on as normal. If the project doesn't get finished, it's not your fault",,Assess the project to see what can be done to reallocate tasks to the remaining team members. Put in extra hours if needed to get the project finished on time.,"Contact the client and tell them you will, unfortunately, have to extend the project finishing deadline",Ans.3
35,Situation,Intermediate,"You are working in an office when you overhear your work colleague, Jane, being rude to a customer. What would you do?",Speak to your work colleague in private and ask her why she was speaking to the customer in that way. Recommend she gets some customer service skills training.,Do nothing. Customers can be difficult at times and it's not surprising Jane has reacted that way.,Tell your manager about Jane's actions.,Call the customer back yourself and apologize for the manner in which your colleague spoke to them. Explain to the customer she's just having a bad day.,Ans.1
36,Situation,Intermediate,You are a customer service agent for a training provider. It comes to your attention that a customer has been sharing their online course access with a non-paying friend of theirs. What would you do?,"Do nothing. If someone else gets access for free, good for them!",Deactivate the customers account and give them fresh access. Politely inform the customer that any sharing of access is against company policy and their friend will have to register for their own account.,"Berate the customer for breaking company policy. Tell them if it happens again, their access will be permanently revoked.",Close down the customers account and refund their payment. They may have been sharing their access with even more people!,Ans.2
37,Situation,Intermediate,"You are helping a customer on the telephone. They are keen to buy a product from you. You determine there are two products suitable for the customers needs. However, one of the products is very expensive and you don't think the customer needs some of the features. What would you do?","Sell the customer the most expensive product. The more revenue you can generate for the company, the better!",Be honest and transparent with the customer about both products that are available and let them decide which one to buy.,Sell the customer the cheaper product to save them money,Ask your supervisor for advice on what to do.,Ans.2
38,Situation,Intermediate,"You are dealing with a customer on the telephone. They are asking for a refund on a product they say was faulty. Upon investigation, you find no fault with the product. The customer is threatening to leave a negative review online unless you give them a refund. What would you do?",Tell the customer they are being dishonest and there is nothing wrong with the product. Refuse to refund the payment.,Politely inform the customer you are not able to give them a refund.,Ask your manager for advice on what to do. Explain that you believe it is in the best interests of the company to refund the customer.,Refund the customer.,Ans.2
39,Situation,Intermediate,"You’re working on a group project. One teammate isn’t contributing, and the deadline is close. What do you do?",Ignore it and do all the work yourself,Report them immediately to the teacher,Talk to them privately to understand the issue and encourage contribution,Remove their name from the project,Ans.3
40,Situation,Intermediate,How would you try to ensure you made a positive impression when meeting an important client for the first time?,Be unprepared,Act casually,Prepare well and communicate professionally,Avoid interaction,Ans.3
41,Situation,Intermediate,How do you respond when you aren't feeling motivated some days?,Stop working,Complain all day,Stay focused and push yourself to complete tasks,Leave early,Ans.3
42,Situation,Intermediate,"Consider a situation where you needed approval from a manager to move to the next step of a project, but they're taking a long time to respond. How would you approach this scenario?",Stop working completely,Ignore the task,Follow up politely and continue what you can,Cancel the project,Ans.3
43,Situation,Intermediate,What do you think is the best way to explain complex topics to team members or clients who don't understand the technical details of the project?,Use complex terms,Skip explanations,Simplify and use clear examples,Avoid explaining,Ans.3
44,Situation,Intermediate,How do you respond when a client changes their mind about something without discussing it with you first?,Get angry,Ignore the change,Communicate and adjust accordingly,Stop working,Ans.3
45,Situation,Intermediate,Consider a scenario where your workplace switches to an entirely new online management system on short notice. What steps do you take to ensure you're qualified to work with the new program?,Refuse to use it,Complain only,Learn the system quickly and adapt,Ignore it,Ans.3
46,Situation,Intermediate,"You are leading a team, and one member is underperforming due to personal issues.",Remove them immediately,Ignore their performance,Support them while ensuring work is completed (redistribute tasks if needed),Complain to management only,Ans.3
47,Situation,Intermediate,Two urgent tasks come from two different managers at the same time,Choose randomly,Ignore one,Communicate with both and prioritize based on urgency/impact,Panic,Ans.3
48,Situation,Intermediate,You realize your manager made a decision that may harm the project.,Stay silent,Tell others only,Raise your concern respectfully with evidence,Refuse to work,Ans.3
49,Situation,Intermediate,A teammate asks you to cover up their mistake to avoid trouble,Agree,Ignore,Refuse politely and encourage transparency,Report them immediately without discussion,Ans.3
50,Situation,Intermediate,"You are working in a team where communication is very weak, causing repeated errors.",Work alone,Ignore,Suggest improvements and encourage better communication,Blame others,Ans.3
51,Situation,Intermediate,You are assigned to work with someone known for being difficult and uncooperative.,Avoid them,Complain,Stay professional and focus on collaboration,Refuse task,Ans.3
52,Situation,Hard,"You discover that a coworker made a mistake that could affect the company, but no one else has noticed yet. Fixing it yourself is possible but it will take time and may delay your own deadline. What should you do?",Inform your manager and suggest a solution,Fix it quietly without telling anyone,Ignore it since it’s not your responsibility,Confront your coworker aggressively,Ans.1
53,Situation,Hard,"You believe your professor graded your exam unfairly, but most students accepted their grades. What should you do?",Politely discuss it with the professor and ask for clarification,Ignore it to avoid trouble,Complain to my friends,Post complaints online,Ans.1
54,Situation,Hard,"You promised a friend you would attend an important event, but a last minute opportunity (internship interview) comes up at the same time. What should you do?",Go to the event and miss the opportunity,Choose the opportunity without informing your friend,Cancel both plans,Explain the situation honestly and try to make it up to your friend,Ans.4
55,Situation,Hard,"Your family is going through financial difficulty, and you have some savings meant for your personal goal (like education or a project). What should you do?",Keep all your savings for yourself,Discuss with your family and contribute reasonably,Give all your savings without thinking,Avoid the situation,Ans.2
56,Situation,Hard,Your computer crashes right before submitting an important assignment. What’s your first step?,Panic and do nothing,Immediately inform your instructor and explain the situation,Give up and accept a zero,Blame someone else,Ans.2
57,Situation,Hard,"You’re assigned as a team leader, but your team disagrees with your plan. What do you do?",Force your plan since you’re the leader,Ignore their opinions,Listen to their ideas and adjust the plan if needed,Quit being the leader,Ans.3
58,IQ,Easy,"56, ?, 332, 664 Options:",221,112,22,None of the above,Ans.2
59,IQ,Easy,You’re competing in a race and just passed the runner in second place. What position are you in now?,Second,First,Last,None of the above,Ans.1
60,IQ,Easy,Priya scored an average of 76 on her first three tests of the year. What would she have to score on the fourth test to have an average of 81 on these four tests?,86,78,90,94,Ans.4
61,IQ,Easy,A pencil and a pen together cost Rs 260. The pen costs Rs. 200 more than the pencil. How much does the pencil cost?,Rs. 10,Rs. 20,Rs. 60,Rs. 30,Ans.4
62,IQ,Easy,"On a balance scale, the following have equal weights: 2 chocloate chunks = 20 wafer packs, 15 wafer packs = 6 ice cream sticks. How many chocolate chunks are needed to balance 20 ice cream sticks?",5,6,7,8,Ans.1
63,IQ,Easy,"If today is Sunday, what day of the week will it be 4400 days from today?",Thursday,Wednesday,Tuesday,Monday,Ans.1
64,IQ,Easy,"If you dig half of a 6-foot hole, how deep is the hole?",6 feet,3 feet,1 feet,12 feet,Ans.2
65,IQ,Easy,Some month have 31 days. Some have 30 days. How many have 28?,1,0,12,3,Ans.3
66,IQ,Easy,"Which number should come next in the pattern: 7, 10, 8, 11, 9, 12?",10,13,11,14,Ans.1
67,IQ,Easy,"If all Bloops are Razzies and all Razzies are Lazzies, all Bloops are definitely Lazzies?",TRUE,FALSE,Neither,Both,Ans.1
68,IQ,Intermediate,"In the code, CAT is written as XZG. How is DOG written?",. XYZ,XWY,WLT,None of the above,Ans.3
69,IQ,Intermediate,"Sarah is currently 30 years old, and she is five times older than her sister. How old will Sarah be when her sister’s age is 16?",35 years,36 years,40 years,45 years,Ans.3
70,IQ,Intermediate,"I have three apples. If you take away two from me, how many do you have?",0,1,2,3,Ans.3
71,IQ,Intermediate,"What number replaces the question mark? Row 1: 3, 5, 7 Row 2: 4, 8, 12 Row 3: 5, 11, ?",15,16,18,17,Ans.4
72,IQ,Intermediate,"If 2 → 6, 3 → 12, 4 → 20, then 5 → ?",25,30,35,40,Ans.2
73,IQ,Intermediate,Five teams are in a round robin tournament in which every team plays every other team three times. How many games take place?,20,25,30,35,Ans.3
74,IQ,Intermediate,An evening theater performance is scheduled every third day. What is the maximum number of performances that can take place over a 25-day period? A: 5 C: 7 D: 8 E: 9 7) Mehrunisa is the 11th from both ends in a row of girls. How many girls are there in that row?,19,20,21,22,Ans.4
75,IQ,Intermediate,A person goes 2 kms towards East. He then turns right and goes 1 km. He turn again right and goes 3 kms straight. In which direction is he now relative to his starting place?,South West,North East,South East,North West,Ans.1
76,IQ,Intermediate,"I am four times as old as my son. In 20 years' time, I shall be twice as old as him. How many years am I today?",30,35,40,50,Ans.3
77,IQ,Intermediate,Which number should replace the question mark? 16 39 85 177 361 ?,720,721,725,731,Ans.4
78,IQ,Intermediate,My successor's father is my father's son. I don't have any brothers or sons. Who is my successor?,Nephew,Daughter,Niece,Myself,Ans.3
79,IQ,Intermediate,A notebook and a pen cost $2.20 together. The notebook costs $2 more than the pen. How much does the pen cost?,$0.20,$0.10,$1.10,$0.30,Ans.2
80,IQ,Hard,"If you write all the numbers from 300 to 400, how many times do you write the number 3?",100,110,120,130,Ans.3
81,IQ,Hard,A clock shows 3:15. What is the angle between the hour and minute hands?,0,45,15,90,Ans.1
82,IQ,Hard,"144, 233, 377, 610, ____, 1597, 2584. What is the missing number?",1110,1287,987,961,Ans.3
83,IQ,Hard,"7, 10, 16, 25, 37, ___",50,51,52,49,Ans.2
84,IQ,Hard,What is the thing that can speak all languages?,teacher,A computer,An echo,A translator,Ans.3
85,IQ,Hard,Divide 30 by half and add ten. What do you get?,0,35,45,70,Ans.4
86,IQ,Hard,"In four years time, the combined age of my three cousins and myself will be 208. What will be the combined age in seven years' time?",215,220,225,230,Ans.4
87,IQ,Hard,"I travel to work by bus and then by train. If my bus journey takes 28 minutes and my train journey takes 35 minutes longer, what is the total travelling time in hours and minutes?",1 hr 30 mins,1 hr 3 mins,1 hr 13 mins,1 hr 31 mins,Ans.4
88,IQ,Hard,"If you rearrange the letters ""CIFAIPC"" you would have the name of a?",City,Animal,Ocean,Country,Ans.3
89,Logic,Easy,"If all cats are animals, and some animals are black, which statement is true?",All cats are black,Some cats may be black,No cats are black,All black things are cats,Ans.3
90,Logic,Easy,"What comes next in the pattern? 1, 2, 4, 8, __",9,10,12,16,Ans.4
91,Logic,Easy,"If you have 3 apples and you take away 2, how many apples do you have?",0,1,2,3,Ans.3
92,Logic,Easy,Which one does NOT belong?,Dog,Cat,Car,Cow,Ans.3
93,Logic,Easy,What is the main component of the Earth's atmosphere?,Oxygen,Nitrogen,Carbon Dioxide,Hydrogen,Ans.2
94,Logic,Easy,"Which planet is known as the ""Red Planet""?",Venus,Jupiter,Mars,Saturn,Ans.3
95,Logic,Easy,What is the boiling point of water at sea level?,90°C,100°C,110°C,120°C,Ans.2
96,Logic,Easy,A family has 2 parents and 3 children. Each child has 2 siblings. How many people are in the family?,4,5,6,7,Ans.2
97,Logic,Easy,") There are five books labeled A, B, C, D, & E. • A is above C •D is below •E is at the bottom Which book is at the top?",A,B,C,D,Ans.1
98,Logic,Easy,"If ALL pens are blue and SOME blue things are cheap, which of the following must be true?",Some pens are cheap,All blue things are pens,Some pens are blue and cheap,None of the above,Ans.4
99,Logic,Easy,"Which number completes the pattern? 2, 6, 12, 20, ?, 42",26,28,30,32,Ans.3
100,Logic,Intermediate,"If all roses are flowers, and some flowers fade quickly, which statement must be true?",All roses fade quickly,Some roses fade quickly,Roses are flowers,No roses fade quickly,Ans.3
101,Logic,Intermediate,"What comes next in the sequence? 3, 9, 27, 81, __",162,243,324,108,Ans.2
102,Logic,Intermediate,A train travels 60 km in 1 hour. How far will it travel in 2.5 hours at the same speed?,150 km,130 km,120 km,180 km,Ans.1
103,Logic,Intermediate,"If yesterday was Monday, what day will it be 3 days from now?",Friday,Thursday,Wednesday,Saturday,Ans.1
104,Logic,Intermediate,Find the odd one out:,16,25,36,45,Ans.4
105,Logic,Intermediate,"If 5 machines make 5 products in 5 minutes, how long will 10 machines take to make 10 products?",5 minutes,10 minutes,20 minutes,0,Ans.1
106,Logic,Intermediate,Sarah is taller than Lina. Lina is taller than Mona. Who is the shortest?,Sarah,Lina,Mona,Cannot be determined,Ans.3
107,Logic,Intermediate,"Find the next number in the sequence: 3, 6, 11, 18, 27, ?",38,36,37,40,Ans.3
108,Logic,Intermediate,"If all books are papers, and all papers are words, then which is true?",All books are words,Some books are not papers,No paper is a book,All words are books,Ans.1
109,Logic,Intermediate,"Which one is the odd one out? Tiger, Lion, Elephant, Leopard",Tiger,Elephant,Lion,Leopard,Ans.2
110,Logic,Intermediate,A is taller than B. B is taller than C. Who is the shortest?,A,B,C,None,Ans.3
111,Logic,Intermediate,"Five friends are sitting in a row: A, B, C, D, and E. •A sits next to B •C is not next to A •D is at one end Who is sitting in the middle?",A,B,C,None,Ans.4
112,Logic,Intermediate,"If yesterday was Monday, what day will it be 3 days after tomorrow?",Thursday,Friday,Saturday,Sunday,Ans.2
113,Logic,Intermediate,A clock shows 3:00. What is the angle between the hour and minute hands?,60,45,90,180,Ans.3
114,Logic,Intermediate,Which organ in the human body is responsible for pumping blood?,Lungs,Liver,Heart,Kidneys,Ans.3
115,Logic,Intermediate,What is the chemical symbol for Gold?,Ag,Fe,Au,Pb,Ans.3
116,Logic,Intermediate,Who is the scientist who discovered gravity?,Albert Einstein,Isaac Newton,Nikola Tesla,Marie Curie,Ans.3
117,Logic,Hard,"You have 3 switches outside the room. Inside the room, there is 1 light bulb. You can only enter the room once. How do you determine which switch controls the bulb?","Turn all on, then check",Turn one on and enter,"Turn one on for a while, turn it off, turn another on, then enter",Impossible,Ans.3
118,Logic,Hard,A farmer has 17 sheep. All but 9 run away. How many sheep are left?,9,8,7,0,Ans.1
119,Logic,Hard,"If 2 pencils cost 6 pounds, how much do 5 pencils cost?",10,12,15,18,Ans.3
120,Logic,Hard,Rearrange the letters “LPAEP” to form a meaningful word.,APPLE,PEPLA,PALPE,LEAPP,Ans.1
121,Logic,Hard,"A man walks 10 meters north, then 10 meters east, then 10 meters south. How far is he from the starting point?",0,10,20,30,Ans.2
122,Logic,Hard,"""If a person is a genius, they pass the exam. Omar passed the exam."" Based on this, we can conclude that:",Omar is a genius.,Omar is not a genius.,The exam was easy.,We cannot be certain if Omar is a genius.,Ans.4
123,Logic,Hard,What is the smallest unit of matter?,Molecule,Atom,Cell,Electron,Ans.2
124,Math,Easy,A + B = 12 B + C = 8 A + C = 6,"A=3, B=9, C=-1","A=1, B=11, C=4","A=5, B=7, C=1","A=4, B=6, C=2",Ans.3
125,Math,Easy,A restaurant reduces the price of a meal by 25%. What percentage must the discounted price be increased to return to the original price?,20%,25%,33.33%,50%,Ans.3
126,Math,Easy,What is the value of: 7 + 5 × 2 = ?,24,17,19,14,Ans.2
127,Math,Easy,"15 labours completed some work in 16 days, in how many days 20 labours will complete the same work.",12 days,16 days,20 days,40 days,Ans.1
128,Math,Easy,What is 20% of 80?,40,20,16,12,Ans.3
129,Math,Easy,"A triangle sides 3cm,5cm,6cm is a",equilateral triangle,)isosceles triangle,)scalene triangle,none of these ,Ans.3
130,Math,Easy,What is the value of x? If 5:x=15:60,20,30,40,50,Ans.3
131,Math,Easy,−10 −3 −4 +5 =,2,-12,-4,16,Ans.2
132,Math,Easy,−96 ÷ −6 ÷ 8 =,2,12,-1,-12,Ans.1
133,Math,Easy,8% of $2000 is:,16,40,160,400,Ans.3
134,Math,Easy,Simplify 0.75×0.4,0.3,0.4,0.5,0.6,Ans.1
135,Math,Intermediate,How many seconds are there in 3 hours,"10,800","10,600","10,000","11,800",Ans.1
136,Math,Intermediate,"In a class, the ratio of boys to girls is 3:2. If there are 30 boys, how many girls are there?",20,22,30,33,Ans.1
137,Math,Intermediate,"A two-digit number is such that the product of the digits is 8. When 18 is added to the number, then the digits are reversed. The number is:",18,24,42,81,Ans.2
138,Math,Intermediate,A number is doubled and then increased by 6 to become 20. What is the number?,5,6,7,8,Ans.1
139,Math,Intermediate,"A shop sells pencils at $2 each. It offers a deal: “Buy 3, get 1 free.” If you want 12 pencils, how much do you pay?",16,18,20,24,Ans.2
140,Math,Intermediate,If a-b=2 and ab=3 then a2 + b2=,12,14,10,20,Ans.2
141,Math,Intermediate,"If a is 63% of x and c is 3/8 of x, which of the following is the closest equivalent of the ratio of a to c?",0.236,0.381,0.595,1.68,Ans.4
142,Math,Intermediate,The sum of three consecutive odd integers is 249. Find the largest of these numbers?,64,21,72,85,Ans.4
143,Math,Intermediate,A polygon having 8 sides is called:,hexagon,nonagon,decagon,octagon,Ans.4
144,Math,Intermediate, A die is rolled. What is the probability of getting a number less than 3?,1/2,1/3,1/6,2/3,Ans.2
145,Math,Intermediate,Expand and simplify −6 (2X−3) −11 :,12x - 8,-12x + 28,-12x - 18,None of these,Ans.4
146,Math,Intermediate,"The distance around a rectangular field is 20 km. If the length is 7 km, what is the width?",3,13,6,16,Ans.1
147,Math,Hard,"A car travels at 60 km/h for 30 minutes, then at 90 km/h for 1 hour. What is the total distance?",105 km,120 km,135 km,150 km,Ans.3
148,Math,Hard,The turning point of the graph Y= (X−2) 2 + 3 is:,"(2, 3)","(-2, 3)","(2,- 3)","(-2,- 3)",Ans.1
149,Math,Hard,Find the points of intersection of Y = X2 and Y = 3X−2:,"(1,1), (4,1)","(4,2), (1,1)","(2,4), (1,1)",None of these,Ans.3
150,Math,Hard,"Two supplementary angles measure (3x+5) and (9x-5), what is the value of x?",12,13,15,16,Ans.3
151,Math,Hard,"2187, 729, 243, 81, 27, 9,___?",2,3,4,6,Ans.2
152,Math,Hard,"If one-third of one-fourth of a number is 15, then three-tenth of that number is:",35,36,45,54,Ans.4
153,Math,Hard,Three times the first of three consecutive odd integers is 3 more than twice the third. The third integer is: 9 11 13 15,9,11,13,15,Ans.4
154,English,Easy,Choose the correct sentence:,He go to school every day,He goes to school every day,He going to school every day,He gone to school every day,Ans.2
155,English,Easy,What is the opposite of “hot”?,Warm,Cold,Wet,Bright,Ans.2
156,English,Easy,Choose the correct word: She ___ a book now.,read,reads,reading,is reading,Ans.4
157,English,Easy,"Sorry, but this chair is _______.",me,mine ,my,our,Ans.2
158,English,Easy,Can you _______ the lights? I can't see.,open ,Turn on,start,put on,Ans.2
159,English,Easy,What is the synonym of brave?,cowardly,fearless,shy,timid,Ans.1
160,English,Easy,What is the antonym of victory?,Defeat,success,win,triumph,Ans.3
161,English,Easy,What is the synonym of enormous?,tiny,huge,small,average,Ans.3
162,English,Easy,We've already lunch.,Have,has,had,none,Ans.3
163,English,Easy,Have you already to the shops. her homework. today's newspaper?,Read,reads,rood,ride,Ans.1
164,English,Easy,"2Sorry, but this chair is",me,mine,my,our,Ans.2
165,English,Intermediate,Choose the correct sentence:,She don’t like coffee,She doesn’t likes coffee,She doesn’t like coffee,She not like coffee,Ans.3
166,English,Intermediate,What is the synonym of “quick”?,Slow,Fast,Weak,Late,Ans.2
167,English,Intermediate,"Choose the correct word: If I ___ rich, I would travel the world.",am,was,were,be,Ans.3
168,English,Intermediate,Choose the correct meaning of the idiom: “Break the ice”,To break something frozen,To start a conversation in a friendly way,To end a friendship,To be very cold,Ans.2
169,English,Intermediate,Where _______?,your sister works,your sister work,does your sister work,do your sister work,Ans.3
170,English,Intermediate,He went on a business _______ to New York.,travel,. journey,commute,trip,Ans.3
171,English,Intermediate,"Sorry, but when you called I _______ a shower.",had,did have,was having,were having,Ans.3
172,English,Intermediate,My brother and I don't _______ very well.,get off,get on,go on,break off,Ans.4
173,English,Intermediate,I'll call you when I _______ home.,arrive,m going to arrive,will arrive,arrived,Ans.4
174,English,Intermediate,One of my friends____coming today.,is,are,were,did,Ans.1
175,English,Intermediate,Choose the word opposite to “look”:,Behold,stare,discern,bypass,Ans.4
176,English,Intermediate,He had to curtail his leaves as a lot of work was pending in his office. Choose the nearest meaning to the underlined word.,cancel,extend,postpone,shorten,Ans.4
177,English,Intermediate,They will sell this food in every food shop. Choose the correct passive voice:,This food will be sold by them in every food shop.,This food has been sold by them in every food shop.,This food was sold by them in every food shop.,That food will be sold by them in every food shop.,Ans.1
178,English,Intermediate,We do not need____rice.,any,a little,anymore,some,Ans.1
179,English,Intermediate,That clock was     . in Switzerland.,Do,make,does,made,Ans.2
180,English,Intermediate,We have never in public before,Sing,sung,song,singing,Ans.2
181,English,Hard,Choose the correct sentence:,Neither of the answers are correct,Neither of the answers is correct,Neither of the answers were correct,Neither of the answers have correct,Ans.2
182,English,Hard,Choose the correct meaning of the sentence: “He is known for being tight-fisted.”,He is very generous,He spends money easily,He is very stingy with money,He is careless with money,Ans.3
183,English,Hard,This painting _______ a fortune.,is worth,is value,values,worths,Ans.4
184,English,Hard,The story is too fantastic to be credible . Choose the meaning closest to the underlined word.,praise worthy,readable,believable,FALSE,Ans.3
185,English,Hard,Choose the word nearest in meaning to “categorical”:,distinct and clear,bureaucratic,eloquent,high minded,Ans.4
186,English,Hard,I spoke to a writer book was translated into twenty languages.,Whose,who,where,where,Ans.1
187,Logic,Easy,"Find the number that fits somewhere into the middle of the series. Some of the items involve both numbers and letters 1. Look at this series: 8, 43, 11, 41, __, 39, 17, ... What number should fill in the blank?",8,14,43,44,Ans.2
188,Logic,Easy,"Remember, you are looking for the word that does NOT belong in the same group as the others. Sometimes, all four words seem to fit in the same group. If so, look more closely to further narrow your classification. 2. Which word does NOT belong with the others?",biology,chemistry,theology,Math,Ans.3
189,Logic,Easy,"A good way to figure out the relationship in a given question is to make up a sentence that describes the relationship between the first two words. Then, try to use the same sentence to find out which of the answer choices completes the same relationship with the third word. 3. Yard is to inch as quart is to",gallon,ounce,milk,water,Ans.2
190,Logic,Intermediate,"Every one of the following questions consists of a related pair of words, followed by five pairs of words. Choose the pair that best represents a similar relationship to the one expressed in the original pair of words. 5. PASTORAL : RURAL",metropolitan : urban,harvest : autumn,agrarian : benevolent,sleepy : nocturnal,Ans.1
191,Logic,Intermediate,"Statement: The address of the Principal to the students, ""Dear students, if you want a healthy mind, listen to music."" Assumptions: 1. Normally students like to follow good advice. 2. It is desirable to develop a healthy mind. 3. It is the duty of the Principal to advise the students.",Only I and II are implicit,Only II and III are implicit,Only I and III are implicit,None of these,Ans.1
192,Logic,Intermediate,Statement: The higher echelons of any organization are expected to be models of observational learning and should not be considered as merely sources of reward and punishments. Assumptions: 1.Employees are likely to be sensitive enough to learn by observing the behaviour of their 2.bosses. Normally bosses are considered as sources of reward and punishment.,nly assumption I is implicit,nly assumption II is implicit,Either I or II is implicit,Neither I nor II is implicit,Ans.3
193,Logic,Intermediate,"Statement: A good book, even if costly, is sold. Assumptions: 1,Some books are better than others. 2. Most of the books are costly.",Only assumption I is implicit,Only assumption II is implicit,Either I or II is implicit,Neither I nor II is implicit,Ans.1
194,Math,Easy,2 + 22 + 23 + ... + 29 = ?,2044,1022,1056,2056,Ans.2
195,Math,Easy,"How many of the following numbers are divisible by 3 but not by 9 ? 2133, 2343, 3474, 4131, 5286, 5340, 6336, 7347, 8115, 9276",5,6,7,None of these,Ans.2
196,Math,Easy,Which one of the following can't be the square of natural number ?,32761,81225,42437,20164,Ans.3
197,Math,Intermediate,"The captain of a cricket team of 11 members is 26 years old and the wicket keeper is 3 years older. If the ages of these two are excluded, the average age of the remaining players is one year less than the average age of the whole team. What is the average age of the team?",23 years,24 years,25 years,None of these,Ans.1
198,Math,Intermediate,"If 0.75 : x :: 5 : 8, then x is equal to:",1.12,1.2,1.25,1.3,Ans.2
199,Math,Intermediate,"A began a business with Rs. 85,000. He was joined afterwards by B with Rs. 42,500. For how much period does B join, if the profits at the end of the year are divided in the ratio of 3 : 1?",4 months,5 months,6 months,8 months,Ans.4
200,Math,Intermediate,36 men can complete a piece of work in 18 days. In how many days will 27 men complete the same work?,12,18,22,24,Ans.4
201,Math,Intermediate,"An aeroplane covers a certain distance at a speed of 240 kmph in 5 hours. To cover the same distance in 1 hours, it must travel at a speed of:",300 kmph,360 kmph,600 kmph,720 kmph,Ans.4
202,Math,Hard,"If log 2 = 0.3010 and log 3 = 0.4771, the value of log5 512 is:",2.87,2.967,3.876,3.912,Ans.3
203,Math,Hard,How many kilogram of sugar costing Rs. 9 per kg must be mixed with 27 kg of sugar costing Rs. 7 per kg so that there may be a gain of 10% by selling the mixture at Rs. 9.24 per kg?,36 kg,42 kg,54 kg,63 kg,Ans.4
204,IQ,Easy,Which answer expresses the meaning of the specified word best? Reassuring,compassionate,Comforting ,Explanatory,meddlesome,Ans.3
205,IQ,Easy,Which number logically follows this series? 4 6 9 6 14 6 ...,6,17,19,21,Ans.2
206,IQ,Easy,"What is the correct answer to the following problem. Tom has a new set of golf clubs. Using a club 8, the ball travels an average distance of 100 meters. Using a club 7, the ball travels an average distance of 108 meters. Using a club 6, the ball travels an average distance of 114 meters. How far will the ball go if Tom uses a club 5?",122 meters,120 meters,118 meters,116 meters,Ans.2
207,English,Easy,Antonym Which answer expresses the meaning opposite of that of the specified word best?,Tough,)starch,strong,tender,Ans.4
208,English,Intermediate,Which word(s) can logically replace the question mark? Water is to a pipe as…. ? is to a wire.,cord,electricity,heat,gas,Ans.2
209,Situational,Easy,You have multiple deadlines due at the same time. What do you do?,Work randomly,Prioritize tasks based on urgency,Delay all tasks,Ask others to do your work,B
210,Situational,Easy,A team member is not contributing. What is your action?,Ignore,Report immediately,Talk to them first,Do their work,C
211,Situational,Easy,You made a mistake at work.,Hide it,Blame others,Ignore it,Admit and fix it,D
212,Situational,Easy,You receive unclear instructions.,Guess,Ask for clarification,Ignore task,Delay,B
213,Situational,Easy,Team conflict arises.,Escalate immediately,Ignore,Mediate calmly,Leave team,C
214,Situational,Easy,You are overloaded with work.,Quit,Panic,Organize tasks,Ignore,C
215,Situational,Easy,Your manager gives feedback.,Ignore,Argue,Complain,Accept and improve,D
216,Situational,Easy,You miss a deadline.,Hide,Blame,Inform and recover,Ignore,C
217,Situational,Easy,A colleague asks for help.,Help if possible,Ignore,Refuse,Report,A
218,Situational,Easy,You disagree with a decision.,Stay silent,Complain,Discuss respectfully,Ignore,C
219,Situational,Easy,You face a new task.,Panic,Avoid,Learn and try,Delay,C
220,Situational,Easy,A client is angry.,Argue,Listen and solve,Ignore,Blame,B
221,Situational,Easy,You work in a team.,Work alone,Ignore team,Collaborate,Compete,C
222,Situational,Easy,You have free time.,Waste it,Leave,Improve skills,Sleep,C
223,Situational,Easy,You receive criticism.,Get angry,Ignore,Learn from it,Quit,C
224,Situational,Easy,You don't understand task.,Ask,Guess,skip,Delay,A
225,Situational,Easy,Your teammate succeeds.,Envy,Ignore,Congratulate,Compete,C
226,Situational,Easy,You are stressed.,Quit,Panic,Manage stress,Ignore,C
227,Situational,Easy,You have a big project.,Plan steps,Ignore,Delay,Panic,A
228,Situational,Easy,You face failure.,Quit,Blame,Ignore,Learn and retry,D
229,IQ,Easy,"What comes next: 2, 4, 6, ? ",7,8,9,10,B
230,IQ,Easy,5 + 3 × 2 = ?,16,11,10,13,B
231,IQ,Easy,"Find odd one: Apple, Banana, Car, Orange ",Apple,Banana,Car,Orange,C
232,IQ,Easy,"If ALL cats are animals, then: ",All animals are cats,Some animals are cats,No animals are cats,None,B
233,IQ,Intermediate,"Series: 3, 6, 12, 24, ? ",36,48,60,72,B
234,IQ,Intermediate,"If A=1, B=2, what is CAB × 2? ",10,12,14,16,B
235,IQ,Intermediate,"1, 1, 2, 3, 5, ? ",6,7,8,9,C
236,IQ,Intermediate,Which is different?,Dog,Cat,Cow,Car,D
237,IQ,Intermediate,Clock: 3:15 angle?,7.5°,0°,90°,45°,A
238,IQ,Intermediate,Mirror of 6?,6,9,0,1,B
239,IQ,Intermediate,If 2x = 10 → x = ?,2,3,5,10,C
240,IQ,Hard,"2, 6, 7, 21, 22, ? ",44,66,23,46,B
241,IQ,Hard,"4, 9, 16, 25, ? ",30,36,49,40,B
242,IQ,Hard,"All Bloops are Razzies, all Razzies are Lazzies → ",All Bloops are Lazzies,Some are not,None,Unknown,A
243,Logic,Easy,All roses are flowers. Some flowers fade quickly.,All roses fade quickly,Some roses may fade quickly,No roses fade,None,B
244,Logic,Easy,"If it rains, the ground gets wet. It is raining. ",Ground is dry,Ground is wet,Maybe wet,Unknown,B
245,Logic,Easy,All cars have wheels. My bike has wheels.,Bike is a car,Bike is not a car,Cannot conclude,Bike has no wheels,C
246,Logic,Easy,If A > B and B > C →,A < C,A > C,A = C,None,B
247,Logic,Intermediate,Some cats are black. All black things are animals.,All cats are animals,Some cats are animals,No cats are animals,None,B
248,Logic,Intermediate,If no birds can swim and penguins are birds →,Penguins swim,Penguins can't swim,Maybe,Unknown,B
249,Logic,Intermediate,"All A are B, some B are C → ",Some A are C,All A are C,No A are C,Cannot conclude,D
250,Logic,Intermediate,If X = Y and Y ≠ Z →,X = Z,X ≠ Z,cannot include,None,B
251,Logic,Intermediate,Some students are lazy.,All students lazy,Some not lazy,All not lazy,None,B
252,Logic,Intermediate,All fruits are sweet. Lemon is fruit.,Lemon is sweet,Lemon is bitter,Cannot conclude,None,A
253,Logic,Intermediate,"If today is Monday, tomorrow is: ",Sunday,Tuesday,Wednesday,Friday,B
254,Logic,Hard,"If all X are Y, and no Y are Z → ",Some X are Z,No X are Z,All X are Z,Unknown,B
255,Logic,Hard,"If A happens only if B happens, and B happens only if C happens... ",A → C,C→ A,A = B,None,A
256,Logic,Hard,If some A are B and all B are C →,Some A are C,All A are C,None A are C,Cannot conclude,A
257,Math,Easy,10 + 5 = ?,12,15,20,10,B
258,Math,Easy,20 ÷ 4 = ?,4,5,6,8,B
259,Math,Easy,7 × 3 = ?,21,24,18,20,A
260,Math,Intermediate,12 × 5 − 10 = ?,50,60,40,55,A
261,Math,Intermediate,If x + 3 = 10 → x = ?,5,6,7,8,C
262,Math,Intermediate,Area of square (side = 4)?,8,12,16,20,C
263,Math,Intermediate,15% of 200 = ?,20,25,30,35,C
264,Math,Intermediate,(8 + 2) × 3 = ?,30,24,20,18,A
265,Math,Hard,If 3x + 2 = 11 → x = ?,2,3,4,5,B
266,Math,Hard,Train travels 60 km/h for 2 hours → distance?,100,110,120,130,C
267,English,Easy,She ___ going to school.,are,is,am,be,B
268,English,Easy,Opposite of “big”:,large,huge,small,tall,C
269,English,Easy,I ___ a book.,has,have,hads,having,B
270,English,Intermediate,He has ___ his homework.,do,did,done,doing,C
271,English,Intermediate,Synonym of “happy”:,sad,angry,joyful,tired,C
272,English,Intermediate,They ___ playing now.,is,are,am,be,B
273,English,Intermediate,She ___ to market yesterday.,go,goes,went,going,C
274,English,Intermediate,I will call you ___ I arrive.,when,but,so,because,A
275,English,Hard,"Had I known, I ___ earlier. ",come,came,would have come,coming,C
276,English,Hard,No sooner had he arrived ___ it started raining.,than,then,when,while,A
277,Math,Easy,"A box contains 3 red, 4 blue and 5 green balls. If one ball is chosen at random, what is the probability that it is white?",5/12,12/5,0,1/4,C
278,Math,Easy,How much greater is 2^5 than 5^2?,0,7,14,77,B
279,Math,Easy,What is: sin(60) - cos(30) - tan(0)?,root(3)/2,0,1/root(3),1/2,B
280,Math,Intermediate,"If the ratio of men to women is 4:5 while the ratio of women to children is 4:2, what is the ratio of men to children?",8:5,5:8,1:2,1,A
281,Math,Intermediate,"Two cars travel in the same direction. One drives at 73 km/h, the other at 45 km/h. After 5 hours, how far apart are they (km)?",121,112,180,292,B
282,Math,Intermediate,A bus travels for 2 hours at 70 km/hr and for 3 hours at 80 km/hr. What is its average speed?,74,76,78,80,B
283,Math,Intermediate,4 cats take 6 days to catch 12 mice. How many days will it take 6 cats to catch 36 mice?,6,9,12,15,C
284,Math,Hard,A square has an area of 2304 cm2. What is its perimeter in (cm)?,192,129,912,219,A
285,Math,Hard,What is the measure of the smaller angle formed by the hour and minute hands of the clock at 10:28?,108,120,132,146,D
286,Math,Hard,The length of a rectangle is 7 cm longer than its width. What is the area (cm2) if its perimeter is 110 cm?,110,312,744,1488,C
287,Math,Hard,What is the sum of the first 150 odd numbers?,11325,11500,12500,22500,D
288,English,Easy,What will you do if you ___ the system dynamics exam?,would fail,fail,will fail,fails,B
289,English,Easy,We ___ when the police came.,was sleeping,weren’t sleeping,won’t sleeping,are sleeping,B
290,English,Easy,"You wouldn’t like to invite my dad, ___ ?",did you,would you,won’t you,isn’t you,B
291,English,Intermediate,What would you do if it ___ on your wedding day?,rained,will rain,rains,would rain,A
292,English,Intermediate,"“If I won a million dollars, I would buy my own airplane.” Which conditional is this?",zero,first,second,third,C
293,English,Intermediate,My friends don’t believe in life after death. They say there’s ___ as heaven and hell.,no true thing,no such thing,no real thing,no right thing,B
294,English,Intermediate,"In the village where I grew up, everyone survived by helping ___ through the hard times.",one other,one or other,one another,hello brother,A
295,English,Intermediate,"Your family will always be there to help you, ___ .",no matter what,no matter which,no matter that,no matter each,A
296,English,Hard,A Pair or group of words that usually go together (e.g. fish and chips):,collocation,idiom,conjunction,verbs,A
297,English,Hard,It’s often said that there’s a ___ between genius and madness.,thick line,short line,fine line,long line,C
298,Situational,Easy,A teammate has stopped participating and is not completing their tasks. What is the most appropriate action?,Immediately remove the team member.,Complete their work without mentioning it.,Speak to the team member privately to understand and solve it.,Complain to the whole team to embarrass them.,C
299,Situational,Easy,"You find a wallet with cash, ID, and documents on campus. What is the most ethical action?",Take the cash and leave the wallet.,Keep the wallet until someone asks publicly.,Hand the wallet to university security or student affairs.,Leave the wallet because it is not your responsibility.,C
300,Situational,Easy,You joined a workshop that is not as useful as expected. What would be the best response?,Leave immediately and post negative comments.,Stay respectful and give constructive feedback afterward.,Tell other students not to attend before it's finished.,Interrupt and criticize the presenter.,B
301,Situational,Easy,"A project member regularly arrives late to meetings, causing delays. What is the most professional response?",Speak privately about how lateness affects the group.,Publicly criticize them to teach a lesson.,Exclude them without explanation.,Ignore the issue and hope it improves.,A
302,Situational,Easy,You notice a student secretly using their phone to cheat during an exam. What is the most ethical action?,Ignore it because it doesn't affect you.,Quietly inform the instructor without disrupting.,Warn the student so they can hide it.,Take a photo and share it later.,B
303,Situational,Easy,A close friend lost the class notes you spent a lot of time preparing. What is the best response?,End the friendship because they were careless.,Calmly explain why they were important and discuss avoiding it.,Publicly tell others not to trust them.,Refuse to speak to them without listening.,B
304,Situational,Intermediate,"A professor forbids recording, but you believe it helps you study. What is most appropriate?",Secretly record the lecture.,Ask the professor if there is another way to review.,Ask another student to secretly record.,Record only the important parts.,B
305,Situational,Intermediate,"The team leader gives you a larger, more difficult task than others. What is the most professional response?",Refuse to complete it.,Complain to the team.,Discuss the workload respectfully and ask for clarification.,Complete only part of the task.,C
306,Situational,Intermediate,A friend with personal problems asks for help/answers during an exam. What is the ethical response?,Allow them to copy.,Give them small hints.,Refuse to help during the exam and support them afterward.,Tell them answers if the instructor isn't watching.,C
307,Situational,Intermediate,"During a visit, a student damages a machine and no one noticed. What is the responsible action?",Say nothing and leave.,Blame another student.,Inform the company staff honestly and help resolve it.,Tell the student to handle it alone.,C
308,Situational,Intermediate,"Two teammates are arguing frequently, affecting progress. What is the best response?",Ignore the issue.,Support the teammate you know better.,Encourage both to discuss the issue calmly and professionally.,Remove both from the project immediately.,C
309,Situational,Intermediate,A classmate asks to copy your completed assignment because they ran out of time. What is the ethical response?,Send the assignment.,Refuse to help at all.,Explain the material without sharing your work.,Send only part of the assignment.,C
310,Situational,Intermediate,A teammate presents your ideas as their own during a presentation. What is the best response?,Interrupt and correct immediately.,Speak to the teammate privately after the presentation.,Publicly accuse them later.,Say nothing.,B
311,Situational,Intermediate,"Two days before the deadline, you realize the project won't be finished. What is the responsible action?",Wait until the deadline passes.,Inform the supervisor early and explain honestly.,Blame a team member.,Submit incomplete work without explanation.,B
312,Situational,Intermediate,You accidentally see another student's private academic records open on a PC. What is the ethical response?,Read the information.,Take a picture.,Close the file and report the issue to staff.,Ignore it and leave it open.,C
313,Situational,Intermediate,"You agreed to volunteer, but get an invite to a better social gathering. What is the best response?",Cancel volunteer role without explanation.,Ignore the organizers.,Honor your original commitment and attend.,Ask someone else to cover last minute.,C
314,Situational,Hard,"Five days before submission, a technical accident destroys most project data. What is the responsible action?","Remain calm, inform the supervisor honestly, and organize to rebuild.",Submit whatever remains without explaining.,Blame one team member.,Accept it cannot be saved and wait for supervisor to ask.,A
315,Situational,Hard,A friend violates a rule that could damage the team's reputation and asks you to keep it secret. What is ethical?,Keep the secret.,Encourage friend to report it and offer support.,Immediately report them without speaking to them.,Ignore unless someone else discovers it.,B
316,Situational,Hard,The university accidentally overpays your scholarship and hasn't noticed. What is the ethical action?,Keep the extra money.,Wait several weeks to see if they notice.,Contact the finance office and report it immediately.,Spend the money now.,C
317,Situational,Hard,"A team leader consistently gives best opportunities to friends, hurting morale. What is the professional response?",Stay silent.,Publicly accuse the leader.,Gather clear examples and raise the concern respectfully through proper channels.,Leave the organization immediately.,C
318,IQ,Easy,"Which number completes the sequence: 2, 6, 12, 20, 30, ?",36,40,42,44,C
319,IQ,Easy,"If ""LIGHT"" is coded as 56 and ""DARK"" is coded as 33, what is the code for ""GLOW""?",48,52,55,60,B
320,IQ,Easy,"Which shape is the odd one out: Square, Hexagon, Triangle, Circle?",Square,Hexagon,Triangle,Circle,D
321,IQ,Easy,"Look at this sequence: 1, 4, 9, 16, 25, ?",30,36,40,49,B
322,IQ,Intermediate,"If 3 workers can build 3 chairs in 3 hours, how many hours does it take 1 worker to build 1 chair?",1 hour,3 hours,6 hours,9 hours,B
323,IQ,Intermediate,All cats are animals. All animals need water. Therefore:,All cats need water.,Some animals are cats.,Water is only for cats.,Not all cats are animals.,A
324,IQ,Intermediate,"If today is Monday, what day was it 65 days ago?",Sunday,Saturday,Friday,Thursday,B
325,IQ,Intermediate,"A man is looking at a photo. He says: ""I have no brothers or sisters, but that man's father is my father's son."" Who is in the photo?",His father,His son,Himself,His grandfather,B
326,IQ,Intermediate,"Which word does not belong in this group: Apple, Grape, Carrot, Peach?",Apple,Grape,Carrot,Peach,C
327,IQ,Intermediate,"If X is taller than Y, and Y is taller than Z, who is the shortest?",X,Y,Z,Cannot be determined,C
328,IQ,Intermediate,"A clock shows the time is 3:15. If the clock is turned 90 degrees clockwise, what is the new direction of the minute hand?",Up (12:00 position),Down (6:00 position),Left (9:00 position),Right (3:00 position),B
329,IQ,Intermediate,"Which number comes next in the pattern: 121, 144, 169, 196, ?",215,225,235,245,B
330,IQ,Hard,"If you rearrange the letters ""LNGDNEA"" you get the name of a:",City,Animal,Country,Ocean,C
331,IQ,Hard,A train leaves Station A heading North at 50 mph. Another train leaves Station A heading South at 50 mph. How far apart are they after 2 hours?,50 miles,100 miles,150 miles,200 miles,D
332,IQ,Hard,What is the missing number in this grid? [4] [9] [16] [25] [36] [?],40,45,49,64,C
333,Situational,Easy,A manager asks you to break company rules to hire their friend quickly. What should you do?,Ignore the manager and do nothing.,Do what the manager wants to stay friendly.,Tell a senior leader or the person in charge of rules.,Quit your job immediately.,C
334,Situational,Easy,An employee is always 15 minutes late but does a great job. What is the first thing HR should do?,Give the worker a formal warning right away.,Have a friendly talk to understand why they are late.,Ignore the problem because their work is good.,Take money away from their pay for being late.,B
335,Situational,Easy,A job candidate says they need a day off for a religious holiday. The company is usually open that day. How should you answer?,Tell them the company never makes exceptions.,Say the company provides help for religious needs.,Stop the interview and do not hire them.,Ask the candidate to explain their religion in detail.,B
336,Situational,Easy,A worker says their boss makes uncomfortable jokes about their age. This is the first time you heard this. What should HR do?,Tell the worker to be stronger and ignore it.,Move the worker to a different team right away.,Look into the problem and remind the boss about the rules.,Wait for a second report before doing anything.,C
337,Situational,Easy,You see a worker taking office supplies home for personal use. What is the best action?,Ignore it because the supplies are cheap.,Tell everyone else they can do it too.,Talk to the worker privately about company policy.,Call the police immediately.,C
338,Situational,Easy,A good worker quits because they feel they cannot grow at the company. Others feel the same. What is the priority?,Give everyone in the department more money.,Create a clear plan for promotions and career growth.,Hire new managers from outside to inspire people.,Talk only to the people who make the most money.,B
339,Situational,Intermediate,Two senior managers are fighting in public about money for a project. The work has stopped. How should HR help?,Support the manager that the CEO likes best.,Meet with both in private to focus on the project goals.,Punish both managers for being unprofessional.,Let them solve it themselves.,B
340,Situational,Intermediate,You find out a man is paid more than a woman for the same job and experience. What is the right action?,Lower the man's pay.,Wait until next year to change the pay.,Check all pay rates and raise the woman's pay to be fair.,Tell the woman she should have asked for more money.,C
341,Situational,Intermediate,A worker says a manager is lying about sales numbers. This manager makes the most money for the company. What must HR do?,Protect the manager to keep the company's profit safe.,Tell the manager who complained about them.,Hire an outside expert to check the numbers and protect the worker.,Ask the worker for proof before you do anything.,C
342,Situational,Intermediate,"A team does great work, but many people are quitting. The manager is mean to the workers. What is the best plan?",Give the manager a reward for the team's good work.,"Give the manager training, but fire them if they don't improve.",Fire the manager immediately without a warning.,Do nothing as long as the work is finished.,B
343,Situational,Intermediate,A long-time worker stops doing good work after a family tragedy. They have no more vacation days. How should HR handle this?,Fire the worker for poor performance.,Offer the worker time off without pay or a flexible schedule.,Do nothing and let them do poor work forever.,Move them to a lower-paying job.,B
344,Situational,Intermediate,"The company is joining another company. Workers are worried about losing their jobs, but leaders are silent. What should HR tell the CEO?",Stay silent until all the paperwork is finished.,Send a clear message to workers about what is happening.,Throw a big party to distract everyone.,Tell everyone their jobs are safe even if it is a lie.,B
345,Situational,Intermediate,"A manager wants to hire their own friend, but there are better people who applied. What should HR tell the manager?",Let the manager hire their friend.,Explain that the company must hire the best person to be fair.,Hire the friend and give the better people a different job.,Pretend to interview others but hire the friend anyway.,B
346,Situational,Intermediate,A team stops working hard because their manager takes credit for all their ideas. What should HR do?,Tell the team to stop being jealous.,Talk to the manager and teach them how to praise the team.,Ignore it because the manager is the boss.,Move the whole team to a different department.,B
347,Situational,Intermediate,A group of workers feel the company rules are unfair and want to quit. What should HR do first?,Fire the workers who are complaining.,Hold a meeting to listen and see if rules need to change.,Give everyone a small gift to make them happy.,Tell them they are lucky to have a job.,B
348,Situational,Intermediate,A worker is caught saying bad things about the company on social media. What is the first step?,Fire the worker immediately.,Check the company rules and meet with the worker to talk.,Ignore the comments.,Delete the worker's social media account.,B
349,Situational,Hard,The board wants to use AI to replace 30% of the staff. HR must manage this. What is the best way?,Tell the workers on the same day the AI starts.,Create a training program and offer money to those who leave.,Hide the fact that AI is doing the work.,Replace full-time staff with part-time workers.,B
350,Situational,Hard,"The company is growing fast, but new workers do not follow the company values. What is the priority?",Stop hiring until things get better.,Change the training and interview questions to focus on values.,Fire all the new workers who are different.,Change the company values to match the new people.,B
351,Situational,Hard,A top boss is accused of breaking a rule. The person who complained has lied in the past. What do you do?,Ignore the complaint because the person lied before.,Do a fair and honest investigation like you would for anyone.,Pay the person to stay quiet.,Tell the person they are a liar and send them away.,B
352,Situational,Hard,Which information is best to show the Board that a health program for workers is valuable?,How many people used the gym.,Data showing fewer sick days and people staying at the company longer.,Nice comments from the workers.,How much the program cost to build.,B
353,Math,Easy,A shirt costs 20 dollars. It is on sale for 25% off. What is the new price?,10 dollars,15 dollars,18 dollars,5 dollars,B
354,Math,Easy,"If a train travels 60 miles in one hour, how many miles will it travel in 3 hours?",120 miles,160 miles,180 miles,200 miles,C
355,Math,Easy,"What is the next number in this pattern: 5, 10, 15, 20, ?",21,25,30,35,B
356,Math,Intermediate,"A box contains 4 red balls and 6 blue balls. If you pick one ball without looking, what is the chance it is red?",20%,40%,50%,60%,B
357,Math,Intermediate,What is the result of the integral of 2x with respect to x?,x,x^2 + C,2x^2 + C,2 + C,B
358,Math,Intermediate,"What is the value of the determinant of a 2x2 matrix with rows [1, 2] and [3, 4]?",-2,2,10,-10,A
359,Math,Intermediate,What is the integral of cos(x) with respect to x?,sin(x) + C,-sin(x) + C,tan(x) + C,cos^2(x) + C,A
360,Math,Intermediate,"If Matrix A is size 2x3 and Matrix B is size 3x4, what is the size of the product Matrix AB?",3x3,4x2,2x4,It cannot be multiplied,C
361,Math,Intermediate,What is the derivative of x^3?,3x,3x^2,x^2,3x^3,B
362,Math,Intermediate,"In linear algebra, if the determinant of a square matrix is zero, the matrix is called:",Identity matrix,Singular matrix,Orthogonal matrix,Symmetric matrix,B
363,Math,Hard,What is the value of e^0?,0,1,e,Infinity,B
364,Math,Hard,What is the integral of 1/x with respect to x?,x^2,ln(x) + C,-1/x^2,1,B
365,Math,Hard,What is the sum of the angles in a triangle?,90 degrees,180 degrees,270 degrees,360 degrees,B
366,Math,Hard,"If a vector has components (3, 4), what is its magnitude (length)?",5,7,12,25,A
367,Math,Hard,What is the value of the integral of x^2 from x=0 to x=3?,3,6,9,27,C
368,Logic,Easy,"If all roses are flowers and some flowers fade quickly, can we say for sure that some roses fade quickly?",Yes,No,Only in summer,Only if they are red,B
369,Logic,Easy,A father is currently 40 years old and his son is 10. In how many years will the father be exactly double the son's age?,10 years,15 years,20 years,30 years,C
370,Logic,Easy,"Which word is the odd one out: Whale, Shark, Dolphin, Seal?",Whale,Shark,Dolphin,Seal,B
371,Logic,Easy,"If you follow a recipe that says ""bake for 30 minutes for every 1 kilogram of meat,"" how long do you bake 2.5 kilograms?",60 minutes,75 minutes,80 minutes,90 minutes,B
372,Logic,Intermediate,"Mary has four daughters, and each of her daughters has one brother. How many children does Mary have in total?",4,5,8,9,B
373,Logic,Intermediate,"If a doctor gives you 3 pills and tells you to take one every half hour, how long will the pills last?",30 minutes,60 minutes,90 minutes,120 minutes,B
374,Logic,Intermediate,"Some months have 30 days, some have 31. How many months have 28 days?",1,2,6,12,D
375,Logic,Intermediate,"If an electric train is moving North, which way is the smoke blowing?",South,East,West,There is no smoke,D
376,Logic,Intermediate,A farmer has 17 sheep. All but 9 run away. How many sheep are left?,8,9,17,0,B
377,Logic,Intermediate,"In a race, if you overtake the person in second place, what place are you in now?",First,Second,Third,Last,B
378,Logic,Intermediate,"If ""A"" is to ""B"" as ""Up"" is to ""Down,"" then ""Left"" is to:",Right,Side,Back,Top,A
379,Logic,Intermediate,"Which number should come next in the series: 1, 1, 2, 3, 5, 8, 13, ?",15,20,21,25,C
380,Logic,Hard,"If you have a drawer with 10 black socks and 10 white socks, what is the minimum number of socks you must pull out to guarantee a matching pair?",2,3,11,20,B
381,Logic,Hard,"A man is looking at a portrait and says, ""That man's father is my father's son."" He has no brothers or sisters. Who is in the portrait?",His father,His son,His grandfather,Himself,B
382,Logic,Hard,"If five machines can make five tools in five minutes, how long does it take 100 machines to make 100 tools?",1 minute,5 minutes,20 minutes,100 minutes,B
383,English,Easy,Which word describes a person who works hard and is careful about their tasks?,Lazy,Diligent,Careless,Slow,B
384,English,Easy,What is the best way to start a professional email to someone you do not know?,Hey there!,"Dear Sir/Madam,",What's up?,"Yo,",B
385,English,Easy,"If a project is ""behind schedule,"" what does it mean?",It is finished early.,It is moving at the right speed.,It is taking longer than planned.,It is cancelled.,C
386,English,Intermediate,"Choose the word that means the opposite of ""Permanent"":",Long,Forever,Temporary,Stable,C
387,English,Intermediate,"In a business meeting, if you want to ""get to the point,"" what are you doing?",Telling a joke.,Discussing the main topic directly.,Leaving the room.,Taking a break.,B
388,English,Intermediate,"Which word means ""to make something better""?",Damage,Improve,Reduce,Ignore,B
389,English,Intermediate,"If you ""see eye to eye"" with a coworker, it means you:",Are fighting.,Are looking at them.,Agree with them.,Are confused.,C
390,English,Intermediate,"What does the word ""Resilient"" mean?",Being very rich.,Being able to recover quickly from difficulty.,Being very loud.,Being afraid of change.,B
391,English,Intermediate,Which phrase is most polite when asking for help?,Do this for me.,Give me a hand now.,Could you please help me with this?,"I need help, move fast.",C
392,English,Intermediate,"If someone is ""proactive,"" they:",Wait for things to happen.,Act before a problem occurs.,Complain a lot.,Do the bare minimum.,B
393,English,Hard,"What is a ""bottleneck"" in a work process?",A fast part of the project.,Something that slows down the whole process.,A celebration.,A type of software.,B
394,English,Hard,"Which word is a synonym for ""Objective""?",Biased,Fair,Angry,Fast,B
395,English,Hard,"If you are ""swamped"" at work, you are:",Bored.,Very busy with too much work.,On vacation.,Fired.,B
396,English,Hard,"What does ""to touch base"" mean?",To play a sport.,To contact someone briefly to check progress.,To clean the office.,To quit a job.,B
397,English,Hard,Which word describes someone who is easy to talk to and friendly?,Hostile,Approachable,Distant,Strict,B
398,Situational,Easy,You see a coworker violating a safety rule what do you do?,Correct them politely on the spot,Take a photo and share online,Report to supervisor immediately,Ignore if no harm yet,A
399,Situational,Easy,You are managing a project with a tight deadline. One of your key team members falls ill and cannot contribute for a week. What is your best course of action?,Panic and rush to complete the project without their input,Cancel the project due to setback,Reassign their task to other team members and adjust the timeline,Wait for them to return and do nothing in the meantime,C
400,Situational,Easy,"You work as a front desk clerk for a hotel. When you try to confirm the room reservation for a family, you find that another clerk accidentally canceled it. How should you handle the situation?",Tell the family your co-worker is always messing up,"Assign the family a room, even though it doesn't compare",Get your coworker to resolve the problem,Apologize for the error and work with the family to find a suitable room,D
401,Situational,Intermediate,A co-worker decides to listen to her radio at work because it helps keep her alert. You cannot concentrate. How should you handle this situation?,Bring in a radio and play it really loud,Suggest that your co-worker use headphones,Complain about the music to your other co-workers,Tell your co-worker that she is being inconsiderate and to stop,B
402,Situational,Intermediate,"The warehouse where you work has several pallets that must be moved. You see Paul, a new employee, begin to drive the forklift. You know he is not certified. How should you handle this?",Tell a certified co-worker to help you move the pallets,Tell Paul to drive the forklift slowly and carefully,Stop Paul and explain why it is unsafe for uncertified workers,Ask your supervisor to review safety procedures at the next meeting,C
403,Situational,Intermediate,"You are one of ten employees. Last week, everyone else received a new computer and printer, but you did not. How should you handle this situation?",Talk to your supervisor to see if a mistake was made,Complain to your co-workers that it is unfair,Confront your supervisor and demand a new computer,Take a co-worker's computer and printer,A
404,Situational,Intermediate,"At the end of a long shift, you pass a self-checkout lane and notice a customer having a problem paying for her groceries. The card reader keeps saying ""Cannot read card."" How should you handle this?",Tell the customer to pay with a different type of credit card,Ignore the customer and clock out for the day,Ask the cashiers if their card readers have been having problems,Tell the customer that you will go get a supervisor who can help her,D
405,Situational,Hard,The morning rush at the coffee shop where you work has finally ended. Now the store is getting just a few customers every hour. How should you handle this situation?,Take a long break because there is nothing to do,Wait patiently until the manager gives you a task,Begin clearing tables and preparing for the midday rush,Look busy even though you don't know what you should be doing,C
406,Situational,Hard,"Everyone in the office shares one copy machine. Every time you use the copy machine after your co-worker Alex, there is no paper in it. How should you handle this situation?",Check the copy machine each morning to make sure it has paper,Tell your supervisor that Alex never refills the paper,Make all your copies after Alex leaves for the day,Ask Alex to refill the copy machine if he uses all the paper,D
407,Situational,Hard,"If you find yourself in a situation where you are required to make a PowerPoint presentation and you are already bogged down by too much work, as the manager what would you do?",Cancel the seminar and reschedule according to your convenience,Take an alternative mode of presentation,Prioritize your work and try to squeeze out time for it,"Pass the buck to your subordinate, you are the boss",C
408,Situational,Hard,"Two of your teammates are arguing during a meeting, making it hard to focus on the task, what do you do?",Ignore them and continue to work,Choose a side and support the one who is correct,Calmly suggest they take the discussion offline and focus on the task,Walk out of the meeting until they resolve it,C
409,IQ,Easy,Which one of the following makes the best comparison? Finger is to hand as leaf is to?,Twig,Tree,Branch,Blossom,C
410,IQ,Easy,If you rearrange the letters “CIFAIPC” you would have the name of a?,City,Animal,Ocean,Country,C
411,IQ,Easy,"Which number should come next in the pattern 7, 10, 8, 11, 9, 12, ?",10,13,11,14,A
412,IQ,Intermediate,"Which number completes the series 1, 3, 6, 10, 15, ?",18,21,25,28,B
413,IQ,Intermediate,"What comes next: 10, 10, 9, 7, 7, ?, 4, 4, 3, 1",6,5,7,2,A
414,IQ,Intermediate,"144, 233, 377, 610, ____, 1597, 2584. What is the missing number?",1110,1287,987,961,C
415,IQ,Intermediate,Two people were walking in opposite directions. Both walked 6 miles then took a right and walked 8 miles. How far is each from starting positions?,14 miles and 14 miles,10 miles and 10 miles,6 miles and 6 miles,8 miles and 8 miles,B
416,IQ,Hard,Which doesn't belong?,Square,Triangle,Circle,Cube,D
417,IQ,Hard,Which is the odd one by symmetry?,X,O,N,H,C
418,IQ,Hard,"3, 7, 13, 21, 31. What number comes next in the sequence?",37,45,43,39 / (E: 49),C
419,IQ,Hard,Which of the five is least like the other four?,Eel,Shark,Dolphin,Swordfish / (E: Turtle),C
420,IQ,Hard,"A, B, D, G, K. Which letter comes next in the sequence?",N,P,M,O / (E: Q),B
421,Logic,Intermediate,All poets are dreamers. Some dreamers are musicians. Which must be true?,Some poets are musicians,All musicians are dreamers,All poets are dreamers,Some musicians are poets,C
422,Logic,Intermediate,"If ""Zim"" means ""fast"" and ""Tora"" means ""train,"" what does ""Zim Tora"" mean?",Slow train,Fast train,Fast car,Train station,B
423,Logic,Intermediate,A is taller than B. B is taller than C. Which is true?,C is taller than A,A is taller than C,B is taller than A,C is taller than B,B
424,Logic,Intermediate,"If a statement is true: ""Some cats are black."" Which is also true?",All cats are black,No cats are black,At least one cat is black,All black things are cats,C
425,Logic,Intermediate,A Tiebreaker is an additional contest carried out to establish a winner among tied contestants. Choose one situation that represents a Tiebreaker.,"At halftime, the score is tied at 2-2 in a football match",Serena and Maria have each secured 1 set,The umpire tosses a coin to decide who bats first,RCB and KKR each finished at 140 all out,D
426,Logic,Intermediate,"In a certain code “564” means “study very hard”, “736” means “hard work pays” and “423” means “study and work”. Which is the code for “work”?",5,3,6,4,B
427,Logic,Intermediate,"If ‘white’ is called ‘yellow’, ‘yellow’ is called ‘blue’, ‘blue’ is called ‘red’, ‘red’ is called ‘black’... what is the colour of light emitting from bulb?",Blue,Red,Yellow,Black,C
428,Logic,Intermediate,Find the odd one out.,GOM,NSR,BJH,EMK,B
429,Math,Easy,Which fraction is the biggest?,3/5,5/8,1/2,4/7,B
430,Math,Easy,13 x 82 / 4 = 0.125 x ?,2132,59 x 36,8696,2312 / 2^2,A
431,Math,Easy,"If you divide 30 by half and add ten, what do you get?",25,50,70,100,C
432,Math,Intermediate,"Mary who is sixteen years old, is four times as old as her brother. How old will she be when she is twice as old as her brother?",20,24,22,26,B
433,Math,Intermediate,110 divided by 10 is:,11,10,5,None of these,A
434,Math,Intermediate,Solve 24 ÷ 8 + 2.,5,6,8,12,A
435,Math,Intermediate,The solution of 2x - 3 = 7 is:,5,7,12,11,A
436,Math,Intermediate,The solution of 2y + 9 = 4 is:,9/2,4/9,- 2/5,-5/2,D
437,Math,Intermediate,What should be added to -7/3 to get 3/7?,21/58,58/21,47/21,50/21,B
438,Math,Intermediate,The difference between two whole numbers is 66. The ratio of the two numbers is 2:5. The two numbers are:,60 and 6,100 and 33,110 and 44,99 and 33,C
439,Math,Hard,The solution for 3m = 5m – (8/5) is:,8/5,4/5,5/4,4/3,B
440,Math,Hard,"If x is an even number, then the next even number is:",x+1,x+2,x+3,x+4,B
441,Math,Hard,The multiplicative inverse of 7^-2 is:,7^2,7,1/7^2,1/7,A
442,Math,Hard,The factorization of 12a^2b + 15ab^2 gives:,3ab(4ab+5),3ab(4a+5b),3a(4a+5b),3b(4a + 5b),B
443,English,Easy,She ____ have short hair but now it is long,use to,used to,didn’t,before,B
444,English,Easy,I'll send it to you ________ I get the money,in case,until,unless,as soon as,D
445,English,Easy,She's wearing a _____ dress,beautiful long black,long black beautiful,black long beautiful,long beautiful black,A
446,English,Intermediate,I'd love to ____ in the 19th century,have lived,have been lived,live,lived,A
447,English,Intermediate,I ____ to Germany last year,went,go,goes,gone,A
448,English,Intermediate,It was the first time he _____ anything spicy,had eaten,had been eating,was eating,has eaten,A
449,English,Intermediate,Could you tell me _____?,where the bus stop is,where is the bus stop,the bus stop is where,is where the bus stop,A
450,English,Intermediate,I wish he ____ so rude to people when we go out,wont be,hadn’t been,didn’t be,wouldn’t be,D
451,English,Intermediate,"_____ spent time abroad when I was a student, I found it easier to get used to ___ in another country",having..living,to have …living,having …live,have …live,A
452,English,Intermediate,He ____ ever works as ____ hardly as he should,hard …hardly,hardly…hardly,hard…hard,hardly…hard,D
453,English,Hard,Take a sandwich with you ___ you get hungry,in case,when,if,so as not to,A
454,English,Hard,I wouldn’t say that to him if I ___ you,was,am,would be,were,D
455,English,Hard,- Lets go to the cinema. - Great idea! What film ___ we watch,are we going to,shall,will,do,B
456,English,Hard,- Congratulations on your promotion! - Thanks! I ____ towards this for years.,have worked,have been working,work,worked,B
457,Situational,Intermediate,You see a classmate copying answers during an exam. What should you do?,Ignore it because it’s not your problem,Tell other classmates about it,Report it,Help him / Ask him for answers,C
458,Situational,Intermediate,"You are working on a group assignment, but one member is not contributing. What is the best action?",Do all the work yourself,Remove their name without telling them,Talk to him,Inform the instructor / Ignore,C
459,Situational,Intermediate,You find useful information online for your assignment. What should you do?,Copy it without mentioning the source,Rewrite it slightly and submit,Properly cite the source,Share it with classmates incompletely,C
460,Situational,Intermediate,You accidentally break university equipment. What should you do?,Leave it and say nothing,Blame someone else,Report it,Hide the damage,C
461,Situational,Intermediate,A friend asks you to share answers to a homework assignment. What should you do?,Give them all the answers,Send them the assignment rephrased,Ignore them,Help them understand the material,D
462,Situational,Intermediate,You are part of a team project and notice one member is using AI or online tools to generate work without understanding it.,Ignore it,Report them immediately,Discuss the issue with the instructor,Use the same method yourself,C
463,Situational,Intermediate,"You are given access to shared class materials, including answers to past exams. What should you do?",Use them during exams secretly,Share them with all students,Use them only for studying if allowed,Sell them to other students,C
464,Situational,Intermediate,Your friend asks you to sign attendance for them. What should you do?,Do it to help them,Do it and explain it’s wrong,Refuse and advise them to attend properly,Ask for something in return,C
465,Situational,Intermediate,"You are leading a student project, and your team is behind schedule. One member suggests copying work from another group.",Agree to meet the deadline,Ignore the suggestion,Find another solution,Copy only a small part,C
466,Situational,Intermediate,You are applying for an internship and can exaggerate your skills to increase your chances. What should you do?,Exaggerate to stand out,Lie only a little,Be honest about your abilities,Copy someone else’s CV,C
467,Situational,Intermediate,You are part of a competition and your team finds a loophole in the rules that gives an unfair advantage.,Use it to win,Keep it secret,Ask organizers for clarification,Share it only with your team,C
468,Situational,Intermediate,"You notice a teacher made an error that benefits the whole class (e.g., easier grading). What should you do?",Stay silent,Inform classmates only,Raise the issue respectfully,Take advantage of it,C
469,Situational,Intermediate,You are offered access to leaked exam questions before a test. What should you do?,Use them to prepare,Share them with friends,Refuse and report the situation,Look at them briefly,C
470,Situational,Intermediate,You are selected for a competitive internship but know another student is more qualified. What should you do?,Accept the offer without thinking,Decline immediately,Accept but reflect on fairness,Inform others to create conflict,C
471,Situational,Intermediate,"A friend asks you to recommend them for an internship, but you know they are not reliable. What should you do?",Recommend them anyway,Refuse,Politely decline to recommend,Exaggerate their strengths,C
472,Situational,Intermediate,You are given access to a shared drive with confidential student records by mistake. What is the best action?,Review the files out of curiosity,Download useful information,Report the issue and avoid accessing,Share the access with friends,C
473,Situational,Intermediate,"Your team wins a competition, but you know part of your solution violated the rules slightly. What should you do?",Stay silent and accept the win,Justify it since you worked hard,Disclose the issue to organizers,Blame the team leader,C
474,Situational,Intermediate,"You are working on a startup idea with classmates, and one member shares the idea externally without consent.",Ignore it,Remove them from the team,Address issue and clarify expectations,Share the idea publicly as well,C
475,Situational,Intermediate,You are offered extra marks in exchange for helping a teacher with unrelated personal tasks. What should you do?,Accept the offer,Refuse politely,Report the situation,Accept but not tell anyone,C
476,Situational,Intermediate,A teammate suggests excluding a weaker member from a presentation to get better grades. What should you do?,Agree to improve results,Ignore the suggestion,Advocate for fair participation,Let others decide,C
477,Situational,Intermediate,You realize that your resume includes a certification you did not fully complete. What should you do?,Leave it as it is,Clarify your level honestly,Hope no one notices,Add more exaggerated details,B
478,Situational,Intermediate,You are interning and notice another intern sharing company data on social media unintentionally.,Ignore it,Share it as well,Inform them and report if necessary,Take screenshots and keep them,C
479,Situational,Intermediate,You are given early access to internship interview questions through a friend who already interviewed.,Use them to prepare answers,Share them with others,Avoid using them as it is unfair,Memorize only key parts,C
480,Situational,Intermediate,The professor is giving an online lecture and clearly says that no one should record it. What should you do?,Record it for yourself,Record and share with class,Do not record and focus on attending,Record and share with friends,C
481,Situational,Intermediate,You are taking an online programming exam. What should you do?,Use NotebookLM,Use cloude code,Use Github,None of the above,D
482,Situational,Intermediate,You are taking an online math exam. What should you do?,Use NotebookLM,Use Chatgpt,Use Git&Github,None of the above,D
483,Situational,Intermediate,You are taking an online English exam. What should you do?,Use NotebookLM,Use Copilot,Use Github,None of the above,D
484,Situational,Intermediate,You are doing an internship and are clearly instructed not to use any AI tools to complete a task. What should you do?,Use AI tools but hide it,Ask a friend outside company to help,Ask colleague/supervisor for guidance,Give the task to someone else,C
485,English,Easy,Choose the correct sentence:,She go to school every day.,She goes to school every day.,She going to school every day.,She gone to school every day.,B
486,English,Easy,Choose the correct article: I saw ___ dog in the park.,a,an,the,no article,A
487,English,Easy,Choose the correct plural:,childs,children,childes,childs’,B
488,English,Easy,Choose the correct verb form: They ___ playing football now.,is,are,am,be,B
489,English,Easy,Choose the synonym of “big”:,small,tiny,large,short,C
490,English,Easy,Choose the antonym of “hot”:,warm,cool,cold,heat,C
491,English,Easy,Choose the correct sentence:,He don’t like milk.,He doesn’t likes milk.,He doesn’t like milk.,He not like milk.,C
492,English,Easy,Choose the correct preposition: The book is ___ the table.,in,on,at,under,B
493,English,Easy,Choose the synonym of “fast”:,slow,quick,late,weak,B
494,English,Easy,Choose the antonym of “happy”:,sad,glad,joy,smile,A
495,English,Easy,Choose the correct sentence:,I am 10 years old.,I have 10 years.,I am 10 year.,I has 10 years old.,A
496,English,Easy,Choose the correct word: She ___ a teacher.,am,is,are,be,B
497,English,Easy,Choose the synonym of “easy”:,hard,simple,difficult,complex,B
498,English,Easy,Choose the antonym of “tall”:,high,short,long,big,B
499,English,Easy,Choose the correct tense: I ___ my homework yesterday.,do,does,did,doing,C
500,English,Easy,Choose the correct sentence:,We was happy.,We were happy.,We is happy.,We be happy.,B
501,English,Easy,Choose the synonym of “start”:,begin,stop,end,finish,A
502,English,Easy,Choose the antonym of “clean”:,dirty,neat,clear,fresh,A
503,English,Easy,Choose the correct word: I have ___ apple.,a,an,the,no article,B
504,English,Easy,Choose the correct sentence:,She can sings.,She can sing.,She cans sing.,She singing.,B
505,English,Easy,Choose the synonym of “smart”:,clever,dull,slow,lazy,A
506,English,Easy,Choose the antonym of “open”:,close,closed,shut,lock,B
507,English,Easy,Choose the correct preposition: He is good ___ math.,at,in,on,with,A
508,English,Easy,Choose the correct sentence:,They plays football.,They play football.,They playing football.,They played footballs.,B
509,English,Easy,Choose the synonym of “rich”:,poor,wealthy,weak,small,B
510,English,Easy,Choose the antonym of “strong”:,powerful,weak,big,tough,B
511,English,Easy,Choose the correct word: She ___ reading a book.,is,are,am,be,A
512,English,Easy,Choose the correct sentence:,I no understand.,I not understand.,I don’t understand.,I doesn’t understand.,C
513,English,Easy,Choose the synonym of “quick”:,slow,fast,late,early,B
514,English,Easy,Choose the antonym of “new”:,old,young,modern,fresh,A
515,English,Easy,Choose the correct word: We ___ to school every day.,go,goes,going,went,A
516,English,Easy,Choose the correct sentence:,He have a car.,He has a car.,He having a car.,He haves a car.,B
517,English,Easy,Choose the synonym of “happy”:,joyful,angry,tired,upset,A
518,English,Intermediate,Choose the correct sentence:,She has went home.,She has gone home.,She have gone home.,She gone home.,B
519,English,Intermediate,Choose the synonym of “ancient”:,modern,old,new,recent,B
520,English,Intermediate,Choose the antonym of “increase”:,rise,grow,decrease,expand,C
521,English,Intermediate,"Choose the correct form: If I ___ you, I would study more.",am,was,were,be,C
522,English,Intermediate,Choose the correct sentence:,I have been to Paris last year.,I went to Paris last year.,I have gone to Paris last year.,I go to Paris last year.,B
523,English,Intermediate,Choose the synonym of “brave”:,cowardly,fearless,weak,shy,B
524,English,Intermediate,Choose the antonym of “generous”:,kind,selfish,giving,helpful,B
525,English,Intermediate,Choose the correct word: She is interested ___ music.,on,in,at,for,B
526,English,Intermediate,Choose the correct sentence:,He is more taller than me.,He is taller than me.,He more tall than me.,He is tallest than me.,B
527,English,Intermediate,Choose the synonym of “difficult”:,easy,simple,hard,light,C
528,English,Intermediate,Choose the antonym of “accept”:,receive,admit,reject,take,C
529,English,Intermediate,Choose the correct tense: They ___ dinner when I arrived.,eat,were eating,ate,eating,B
530,English,Intermediate,Choose the correct sentence:,She didn’t went.,She didn’t go.,She not go.,She don’t go.,B
531,English,Intermediate,Choose the synonym of “rapid”:,slow,fast,late,weak,B
532,English,Intermediate,Choose the antonym of “success”:,victory,failure,win,progress,B
533,English,Intermediate,Choose the correct word: This is the ___ book I’ve read.,good,better,best,well,C
534,English,Intermediate,Choose the correct sentence:,I look forward to see you.,I look forward to seeing you.,I look forward see you.,I look forward saw you.,B
535,English,Intermediate,Choose the synonym of “famous”:,unknown,well-known,hidden,secret,B
536,English,Intermediate,Choose the antonym of “possible”:,likely,certain,impossible,sure,C
537,English,Intermediate,Choose the correct preposition: He is afraid ___ spiders.,from,of,at,on,B
538,English,Intermediate,Choose the correct sentence:,Neither of them are ready.,Neither of them is ready.,Neither of them be ready.,Neither of them ready.,B
539,English,Intermediate,Choose the synonym of “improve”:,worsen,develop,break,reduce,B
540,English,Intermediate,Choose the antonym of “polite”:,rude,kind,gentle,calm,A
541,English,Intermediate,Choose the correct word: I prefer tea ___ coffee.,than,to,over,with,B
542,English,Intermediate,Choose the correct sentence:,She has less friends than me.,She has fewer friends than me.,She have fewer friends than me.,She has little friends than me.,B
543,English,Intermediate,Choose the synonym of “lazy”:,active,idle,busy,hardworking,B
544,English,Intermediate,Choose the antonym of “expand”:,grow,increase,shrink,extend,C
545,English,Intermediate,Choose the correct tense: I ___ here for five years.,live,lived,have lived,living,C
546,English,Intermediate,Choose the correct sentence:,He suggested to go.,He suggested going.,He suggested go.,He suggested went.,B
547,English,Intermediate,Choose the synonym of “calm”:,peaceful,angry,loud,wild,A
548,English,Intermediate,Choose the antonym of “strong”:,powerful,weak,solid,firm,B
549,English,Intermediate,Choose the correct word: She insisted ___ paying.,in,on,at,for,B
550,English,Intermediate,Choose the correct sentence:,The news are good.,The news is good.,The news be good.,The news were good.,B
551,English,Hard,Choose the correct sentence:,Hardly had I arrived when it started raining.,Hardly I had arrived when it started raining.,Hardly had I arrived than it started raining.,Hardly I arrived when it started raining.,A
552,English,Hard,Choose the synonym of “meticulous”:,careless,precise,rough,vague,B
553,English,Hard,Choose the antonym of “ambiguous”:,unclear,vague,definite,confusing,C
554,English,Hard,Choose the correct structure: No sooner ___ he left than the phone rang.,did,had,has,was,B
555,English,Hard,Choose the correct sentence:,She is used to wake up early.,She is used to waking up early.,She used to waking up early.,She is use to waking up early.,B
556,English,Hard,Choose the synonym of “ubiquitous”:,rare,everywhere,hidden,unknown,B
557,English,Hard,Choose the antonym of “scarce”:,rare,limited,abundant,few,C
558,English,Hard,Choose the correct word: He denied ___ the money.,take,taking,to take,took,B
559,English,Hard,Choose the correct sentence:,"If I would have known, I would come.","If I had known, I would have come.","If I know, I would have come.","If I had know, I would come.",B
560,English,Hard,Choose the synonym of “eloquent”:,silent,fluent,dull,weak,B
561,English,Hard,Choose the antonym of “transparent”:,clear,visible,opaque,bright,C
562,English,Hard,Choose the correct sentence:,He would rather to stay home.,He would rather stay home.,He would rather staying home.,He rather stay home.,B
563,English,Hard,Choose the synonym of “candid”:,honest,secretive,hidden,FALSE,A
564,English,Hard,Choose the antonym of “optimistic”:,hopeful,cheerful,pessimistic,confident,C
565,English,Hard,Choose the correct word: She succeeded ___ passing the exam.,in,on,at,for,A
566,English,Hard,Choose the correct sentence:,"Not only he is smart, but also hardworking.","Not only is he smart, but also hardworking.","Not only he smart, but also hardworking.","Not only is he smart, but he also hardworking.",B
567,English,Hard,Choose the synonym of “obsolete”:,modern,outdated,current,new,B
568,English,Hard,Choose the antonym of “rigid”:,stiff,flexible,firm,hard,B
569,English,Hard,Choose the correct word: He is capable ___ solving the problem.,to,of,in,at,B
570,English,Hard,Choose the correct sentence:,I wish I was taller.,I wish I were taller.,I wish I am taller.,I wish I be taller.,B
571,English,Hard,Choose the synonym of “contemplate”:,ignore,consider,forget,avoid,B
572,English,Hard,Choose the antonym of “hostile”:,aggressive,friendly,angry,violent,B
573,English,Hard,Choose the correct sentence:,"The more you practice, the better you become.","The more you practice, better you become.","More you practice, the better you become.","The more you practice, the more better you become.",A
574,English,Hard,Choose the synonym of “resilient”:,weak,strong,fragile,soft,B
575,English,Hard,Choose the antonym of “superficial”:,shallow,deep,light,simple,B
576,English,Hard,Choose the correct word: She prevented him ___ leaving.,to,from,in,on,B
577,English,Hard,Choose the correct sentence:,Scarcely had he spoken when they interrupted him.,Scarcely he had spoken when they interrupted him.,Scarcely had he spoken than they interrupted him.,Scarcely he spoken when they interrupted him.,A
578,English,Hard,Choose the synonym of “pragmatic”:,theoretical,practical,abstract,idealistic,B
579,English,Hard,Choose the antonym of “diligent”:,hardworking,lazy,careful,active,B
580,English,Hard,Choose the correct word: He is accused ___ theft.,for,of,with,in,B
581,English,Hard,Choose the correct sentence:,It’s high time we leave.,It’s high time we left.,It’s high time we leaving.,It’s high time we have left.,B
582,English,Hard,Choose the synonym of “intricate”:,simple,complex,easy,plain,B
583,English,Hard,Choose the antonym of “benevolent”:,kind,generous,cruel,helpful,C
584,Logic,Easy,"What comes next in the sequence: 2, 4, 6, 8, ?",9,10,11,12,B
585,Logic,Easy,Rearrange the letters in “TCA” to form a word.,Act,Cat,Tac,All of the above,D
586,Logic,Easy,Which number is the largest?,14,19,17,16,B
587,Logic,Easy,"What comes next: A, B, C, D, ?",E,F,G,H,A
588,Logic,Easy,"If you have 5 oranges and get 3 more, how many oranges do you have?",6,7,8,9,C
589,Logic,Easy,Which one is different?,Dog,Cat,Lion,Chair,D
590,Logic,Easy,"What comes next: 10, 20, 30, ?",35,40,45,50,B
591,Logic,Easy,"If today is Tuesday, what day is tomorrow?",Monday,Wednesday,Thursday,Friday,B
592,Logic,Easy,Which number is even?,5,7,12,9,C
593,Logic,Easy,"What comes next: 1, 3, 5, 7, ?",8,9,10,11,B
594,Logic,Easy,Which letter comes after P?,O,Q,R,S,B
595,Logic,Easy,Which is a fruit?,Table,Car,Mango,Shoe,C
596,Logic,Easy,"What comes next: 15, 14, 13, ?",12,11,10,9,A
597,Logic,Easy,Which shape has 4 sides?,Triangle,Circle,Square,Oval,C
598,Logic,Easy,What is 3 × 4?,7,10,12,14,C
599,Logic,Easy,Which one is not a color?,Red,Blue,Green,Book,D
600,Logic,Easy,"What comes next: Z, Y, X, ?",U,V,W,T,C
601,Logic,Easy,Which number is the smallest?,21,18,25,20,B
602,Logic,Easy,Rearrange the letters in “GOD” to form a word.,Dog,Good,GoD,Godd,A
603,Logic,Easy,"What comes next: 5, 10, 15, 20, ?",22,24,25,30,C
604,Logic,Easy,Which one is different?,Apple,Banana,Orange,Pencil,D
605,Logic,Easy,"If you have 10 pens and lose 2, how many pens remain?",6,7,8,9,C
606,Logic,Easy,Which letter comes before H?,G,F,I,J,A
607,Logic,Easy,"What comes next: 3, 6, 9, ?",10,11,12,13,C
608,Logic,Easy,Which is the largest?,32,29,41,38,C
609,Logic,Easy,"If today is Friday, what day was yesterday?",Wednesday,Thursday,Saturday,Sunday,B
610,Logic,Easy,"What comes next: B, D, F, ?",G,H,I,J,B
611,Logic,Easy,Which number is odd?,18,24,31,40,C
612,Logic,Easy,Rearrange the letters in “PALE” to form a word.,Leap,Plea,Pale,All of the above,D
613,Logic,Easy,"What comes next: 100, 90, 80, ?",60,65,70,75,C
614,Logic,Easy,Which is an animal?,Tiger,Table,Cup,Fan,A
615,Logic,Easy,What is 20 ÷ 4?,4,5,6,8,B
616,Logic,Easy,"What comes next: 7, 14, 21, ?",24,27,28,30,C
617,Logic,Easy,"Which letter comes next: C, D, E, F, ?",G,H,I,J,A
618,Logic,Easy,Which one is different?,Bus,Train,Bicycle,Banana,D
619,Logic,Intermediate,"What comes next in the sequence: 2, 6, 12, 20, ?",28,30,32,36,B
620,Logic,Intermediate,"In a certain code, “BOOK” is written as “CPPL”. How is “PEN” written?",QFO,QEP,QFN,RFO,A
621,Logic,Intermediate,Rearrange the letters in “LISTEN” to form a word.,Silent,Tinsel,Inlets,All of the above,D
622,Logic,Intermediate,"If all roses are flowers and all flowers need water, then:",All roses need water,Some roses need water,No roses need water,No valid conclusion,A
623,Logic,Intermediate,A clock shows 3:00. What is the angle between the hour hand and the minute hand?,60 degrees,90 degrees,120 degrees,180 degrees,B
624,Logic,Intermediate,"What comes next: 1, 4, 9, 16, ?",20,21,25,36,C
625,Logic,Intermediate,"Which number is missing: 5, 10, 20, ?, 80",30,35,40,45,C
626,Logic,Intermediate,"If “CAT” is coded as “DBU”, how is “DOG” coded?",EPH,EOG,FPH,DPH,A
627,Logic,Intermediate,Which one does not belong?,Car,Bus,Train,Potato,D
628,Logic,Intermediate,"What comes next: A, C, F, J, ?",M,N,O,P,C
629,Logic,Intermediate,"If all students are readers and some readers are writers, what can be concluded?",All students are writers,Some students are definitely writers,Some students might be writers,No students are writers,C
630,Logic,Intermediate,A man walks 4 km north and then 3 km east. How far is he from the starting point?,3 km,4 km,5 km,7 km,C
631,Logic,Intermediate,"Which number replaces the question mark: 3, 6, 12, 24, ?",30,36,42,48,D
632,Logic,Intermediate,"What comes next: B, E, H, K, ?",L,M,N,O,C
633,Logic,Intermediate,A train travels 60 km in 1 hour. How far will it travel in 2.5 hours?,120 km,130 km,150 km,180 km,C
634,Logic,Intermediate,"In a certain code, “RED” is written as “SFE”. How is “BLUE” written?",CMVF,CMVF (duplicate),CMWF,DMWF,B
635,Logic,Intermediate,"What comes next: 11, 13, 15, 17, ?",18,19,20,21,B
636,Logic,Intermediate,"If all pens are tools and some tools are expensive, then:",All pens are expensive,Some pens are expensive,Pens may be expensive,No pen is expensive,C
637,Logic,Intermediate,Rearrange the letters in “RACB” to form a word.,Carb,Crab,Arcb,Brac,B
638,Logic,Intermediate,"What comes next: 2, 5, 10, 17, ?",24,26,28,30,B
639,Logic,Intermediate,"If today is Monday, what day will it be after 10 days?",Wednesday,Thursday,Friday,Saturday,B
640,Logic,Intermediate,"Which letter comes next: Z, X, V, T, ?",R,S,Q,P,A
641,Logic,Intermediate,A father is 40 years old and his son is 10 years old. After how many years will the father be twice as old as the son?,10,15,20,25,C
642,Logic,Intermediate,"What comes next: 4, 8, 16, 32, ?",48,56,64,72,C
643,Logic,Intermediate,Which number does not belong?,9,16,25,27,D
644,Logic,Intermediate,"If “MOON” is coded as “NPPQ”, how is “STAR” coded?",TUBS,TUBQ,SUBQ,TCBS,A
645,Logic,Intermediate,A bag contains 3 red balls and 2 blue balls. How many balls must you pick without looking to guarantee getting a red ball?,1,2,3,4,C
646,Logic,Intermediate,Which word is different?,Circle,Square,Triangle,Bottle,D
647,Logic,Intermediate,"What comes next: C, F, I, L, ?",M,N,O,P,C
648,Logic,Intermediate,A clock shows 6:00. What is the angle between the hour hand and minute hand?,90 degrees,120 degrees,150 degrees,180 degrees,D
649,Logic,Intermediate,"If all doctors are educated and some educated people are musicians, then:",All doctors are musicians,Some doctors are musicians,Doctors might be musicians,No doctors are musicians,C
650,Logic,Intermediate,"What comes next: 21, 18, 15, 12, ?",7,8,9,10,C
651,Logic,Intermediate,Rearrange the letters in “NGAERDO” to form a word.,Dragon,Dangerous,Orange,Garden,A
652,Logic,Intermediate,"Which number replaces the question mark: 1, 8, 27, ?, 125",36,49,54,64,D
653,Logic,Intermediate,"If “FISH” becomes “GJTI”, how is “BIRD” written?",CJSE,CISE,DJSE,CKRD,A
654,Logic,Hard,"You arrive at an island where one tribe always tells the truth and another always lies... Sara says, “We are from different tribes.” Mina says, “Sara is telling the truth.” Which statement is true?",Both are truth tellers,Both are liars,Sara tells the truth and Mina lies,Sara lies and Mina tells the truth,C
655,Logic,Hard,A poisoned bottle is hidden among 512 bottles. You have 9 testers... What is the minimum number of testers needed to guarantee finding the poisoned bottle in one round?,7,8,9,10,C
656,Logic,Hard,Rearrange the letters in “REHTAF” to form a word.,Feather,Father,Heart,Farth,B
657,Logic,Hard,"In a certain code, “CLOUD” is written as “ENQWF”. How is “STONE” written in that code?",UVQPG,UVQPI,UVPRG,TUPQF,A
658,Logic,Hard,"If all painters are artists and no artists are careless, what can be concluded?",All painters are careless,No painters are careless,Some painters are careless,No valid conclusion,B
659,Logic,Hard,A clock shows 3:15. What is the angle between the hour hand and the minute hand?,0 degrees,7.5 degrees,15 degrees,22.5 degrees,B
660,Logic,Hard,"A farmer must take a fox, a chicken, and a bag of corn across a river... What should the farmer take first?",The fox,The chicken,The corn,The fox and the corn,B
661,Logic,Hard,A prisoner must choose one of three rooms... the third is full of snakes that have not eaten for 5 years. Which room is safest?,The room with fire,The room with guards,The room with snakes,None of the rooms,C
662,Logic,Hard,"You have 12 coins, and one of them is fake... What is the minimum number of weighings needed to identify the fake coin?",1,2,3,4,C
663,Logic,Hard,"A man is looking at a picture. He says, “I have no brothers or sisters, but the father of the person in the picture is my father’s son.” Who is in the picture?",His father,His son,Himself,His nephew,B
664,Logic,Hard,A fish’s head is 4 cm long. Its tail is as long as the head plus half the body. The body is as long as the head and tail together. How long is the fish?,24 cm,28 cm,32 cm,36 cm,C
665,Logic,Hard,"What comes next in the sequence: 2, 3, 5, 9, 17, ?",25,31,33,35,C
666,Logic,Hard,"If all A are B, all B are C, and some C are D, then:",All A are D,Some A are D,A may be D,No A are D,C
667,Logic,Hard,A man has 10 socks in a drawer: 6 black and 4 white. How many socks must he pick in the dark to guarantee getting a matching pair?,2,3,4,5,B
668,Logic,Hard,"Which number is missing: 2, 6, 12, 20, 30, ?",36,40,42,44,C
669,Logic,Hard,"In a certain code, “PLANE” is written as “RNCPG”. How is “TRAIN” written in that code?",VTCKP,VTBJO,VTCJP,UQCKP,A
670,Logic,Hard,"If some books are useful, and all useful things are valuable, what follows?",All books are valuable,Some books are valuable,No books are valuable,Some valuable things are not books,B
671,Logic,Hard,"A boy is twice as old as his sister. Five years ago, he was three times as old as she was. How old is the sister now?",5,10,15,20,B
672,Logic,Hard,"What comes next: 1, 2, 6, 24, ?",48,72,96,120,D
673,Logic,Hard,A cube has all its faces painted. It is then cut into 27 smaller equal cubes. How many of the small cubes have exactly two faces painted?,8,10,12,14,C
674,Logic,Hard,"If “MOTHER” is coded as “NPUIFS”, how is “FATHER” written?",GBUIFS,GCVIFS,GBUIFS (duplicate),HBUJFS,B
675,Logic,Hard,"A woman has 3 daughters, and each daughter has 2 brothers. How many children does the woman have?",5,6,7,9,A
676,Logic,Hard,"Which number comes next: 64, 32, 16, 8, ?",2,3,4,6,C
677,Logic,Hard,"If all machines need power, and some tools are machines, then:",All tools need power,Some tools need power,No tools need power,All machines are tools,B
678,Logic,Hard,"A man walks 1 km south, 1 km east, and 1 km north and ends exactly where he started. Where could he be?",At the equator only,At the North Pole,In a desert only,Anywhere on Earth,B
679,Logic,Hard,"What comes next: A, Z, B, Y, C, X, ?",D,W,V,E,B
680,Logic,Hard,A number is multiplied by 3 and then 6 is added to get 24. What is the number?,4,5,6,7,C
681,Logic,Hard,"You have 9 identical-looking balls, but one is heavier. What is the minimum number of weighings needed on a balance scale to guarantee finding it?",1,2,3,4,B
682,Logic,Hard,"If all squares are rectangles and some rectangles are shaded, then:",All squares are shaded,Some squares are shaded,Squares might be shaded,No squares are shaded,C
683,Logic,Hard,"A person says, “Yesterday I was 25 years old, and next year I will be 28.” On which date could this be true?",January 1,December 31,June 15,February 1,B
684,English,Easy,I ______ bus on Mondays.,m going to work with,m going to work by,go to work with,go to work by,D
685,English,Easy,A: 'How old ______?' B: 'I ______ .',are you / am 20 years old.,have you / have 20 years old,are you / am 20 years.,do you have / have 20 years.,A
686,English,Easy,I ______ to the cinema.,not usually go,don't usually go,don't go usually,do not go usually,B
687,English,Easy,Where ______ ?,.your sister works,.your sister work,does your sister work,do your sister work,C
688,English,Easy,The test is ______ February.,twice in a,twice a,one time a,once in a,B
689,English,Easy,I don't have ______ free time.,many,any,a lot,some,B
690,English,Easy,_____ to the cinema tomorrow?',We will go,Do we go,We go,Shall we go,D
691,English,Easy,We went to the market ______ some vegetables.,to buy,for buy,for to buy,for buying,A
692,English,Easy,"Sorry, but when you called I ______ a shower.",had,did have,.was having,were having,C
693,English,Easy,______ are very friendly and very intelligent.,olphins,.The dolphins,A dolphin,The dolphin,A
694,English,Easy,Somebody stole ______ yesterday.,.the car of my mother,y car mother,my mother's car,my mother car,C
695,English,Easy,______ with me?,Do you like to dance,Would you like to dance,o you like dance,Would you like dancing,B
696,English,Easy,"She is ______ her sister, I think.",more happier than,more happy that,happier that,happier than,D
697,English,Easy,I couldn't eat ______ before the exam.,nothing,anything,everything,something,B
698,English,Easy,"Please, pass me the remote. ______ TV.",.I'm watching,.I will watch,m going to watch,.I might watch,A
699,English,Easy,I'll call you when I ______ home.,arrive,.'m going to arrive,will arrive,arrived,A
700,English,Easy,______ Japan?,Have you ever gone in,Do you have been in,Have you ever been to,Have you ever been into,C
701,English,Easy,He drives very ______.,slow,slower,more slowly,slowly,D
702,English,Easy,Can you ______ the lights? I can't see.,open,turn on,start,put on,B
703,English,Easy,"We couldn't find a taxi, ______ we walked home.",so,because,but,although,A
704,English,Easy,Tomorrow I ______ get up early; it's my day off.,mustn't,must,haven't to,don't have to,D
705,English,Easy,I ______ this coffee. It tastes horrible.,am not like,don't like,m not liking,not like,B
706,English,Easy,We ______ yesterday.,arrived,did arrive,have arrive,ave arrived,A
707,English,Easy,"When I arrive home, I'm going to have a ______ bath.",relaxing,relaxed,relax,relaxation,A
708,English,Easy,A: 'We don't have any milk.' B: 'Really? I ______ more.',m going to buy,ll buy,m buying,buy,B
709,English,Easy,We ______ to seeing you next Thursday.,really want,hope,are looking forward,really wish,C
710,English,Easy,I'd like to go ______ in the park.,to walking,for walk,for a walk,to walk,C
711,English,Easy,"German ______ in Germany, Austria and Switzerland.",is spoken,spoken,speaks,is speak,A
712,English,Easy,it.,was,were,would be,am,C
713,English,Easy,This painting ______ a fortune.,is worth,is value,values,worths,A
714,English,Easy,She is the same age ______ me.,than,that,what,as,D
715,English,Easy,It's obvious that you...,don't drive as faster as me.,drive faster than me.,drive more fast than I.,drive no faster than I.,B
716,English,Easy,"The boat sank, but they ______ swim to the shore.",could,were able to,can,abled to,B
717,English,Easy,Which is correct?,"How older people are, wiser they become","If older people are, wiser they become","he more old the people, the more wise","he older people are, the wiser they become",D
718,English,Easy,I bought a ______ jacket.,nice red leather,leather nice red,red nice leather,red leather nice,A
719,English,Easy,By 2050 we ______ the cure for type 1 diabetes.,will be discovering,are discovering,are going to be discovering,will have discovered,D
720,English,Easy,The building ______.,was damaged in the hurricane badly last year,was badly damaged last year in the hurricane,was badly damaged in the hurricane last year,last year was damaged badly in the hurricane,C
721,English,Easy,It's ______ to Paris.,a two hours journey,two hours' journey,a two hour's journey,.a two-hours journey,B
722,English,Easy,They _____ to arrive next Friday,are set,are on the verge,are due,are due,C
723,English,Easy,"I didn't want to do it in the past, but now I ______.",would want,.'m wanting to,want,want to,C
724,IQ,Easy,"What comes next in the sequence: 2, 4, 8, 16?",18,20,32,24,C
725,IQ,Intermediate,A bat and a ball cost $1.10 in total. The bat costs $1.00 more than the ball. How much does the ball cost?,$0.10,$0.05,$0.15,$0.01,B
726,IQ,Intermediate,"If you write all numbers from 300 to 400, how many times do you write the number 3?",100,110,130,120,D
727,IQ,Intermediate,"Which one of the numbers does not belong in the following series?
2, 3, 6, 7, 8, 14, 15, 30.",8,15,30,2,A
728,IQ,Intermediate,"If all Bloops are Razzies and all Razzies are Lazzies, all Bloops are definitely Lazzies?",TRUE,FALSE,Neither,Both,A
729,IQ,HARD,A restaurant reduces the price of a meal by 25%. What percentage must the discounted price be increased to return to the original price?,25%,33.33%,50%,20%,C
730,IQ,Easy,"Which number logically follows this series?
   4   6   9   6   14   6   …",6,17,19,21,C
731,IQ,Easy,Water is to a pipe as ? is to a wire!,cord,electricity,heat,gas,B
732,IQ,Easy,"1. None of the stamp collectors is an architect.
2. All the drones are stamp collectors.",all stamp collectors are architects,architects are not drones,no stamp collectors are drones,some drones are architects,B
733,IQ,Easy,"John, twelve years old, is three times as old as his brother. How old will John be when he is twice as old as his brother?",15,16,18,21,B
734,IQ,Easy,"What number is missing in the pattern?
12, 16, 20,                , 28",32,26,21,24,D
735,LOGIC,EASY,"Pointing to a picture, Amit said, ""She is the only daughter of my father's only son."" How is the girl related to Amit?",Niece,Sister,Daughter,Cousin,c
736,LOGIC,EASY,What is the longest river in the world?,Nile,Amazon,Ganges,Yangtze,a
737,LOGIC,EASY,"If APPLE is coded as ELPPA, how is ORANGE coded?",GREANO,EGNARO,NEGARO,GANEOR,B
738,LOGIC,EASY," Arrange the following in a logical sequence:
1. School
2. Job
3. Retirement
4. College
5.birth","5, 1, 4, 2, 3","1, 2, 3, 4, 5","5, 4, 1, 2, 3","5, 1, 4, 3, 2",A
739,LOGIC,Intermediate,"If March 1 is a Tuesday, what day will April 1 be",Thursday,Friday,Saturday,Sunday,A
740,LOGIC,Intermediate,"Find the odd one out: Gold, Silver, Diamond, Plastic",Gold,Silver,Diamond,Plastic,D
741,LOGIC,Intermediate,"Find the odd one out: 1, 4, 9, 15, 16",1,9,15,16,C
742,LOGIC,Intermediate,"A is taller than B, but shorter than C. D is shorter than A but taller than B. Who is the shortest?",A,B,C,D,B
743,situation,,"You manage a large retail department store. Your staff comprise various-sized sales/service teams; each of which manages a department's customer orders. You've been concerned about the increasing signs of poor team morale amongst the largest three teams.",	A. You summon the three team leaders separately to hear their ideas and explanations,"B. Leave things to settle down a little bit longer, rather than causing anyone distress.",C. Approach some staff from each of the three teams for an informal chat.,"D. Hold a brainstorm meeting for all team leaders to get some fresh ideas.
Most effective reaction:",A
744,Situation,,"As a relatively new graduate trainee manager, last week was the first time you'd assigned both individual and team objectives. Each one of your team was told to work together and to complete all tasks by the end of the week. Unfortunately, it's now clear to you that none of the team objectives have been achieved. In fact your individually assigned objectives only had mixed success as well.",A. Use 1-on-1's to discuss effective targets and to jointly agreeing new ones,B. Scrap the objective setting idea since it clearly doesn’t work.,C. Mail the team an urgent request to work more closely together.,D. Organise a team meeting to discuss attitudes and lack of effort being shown.,A
745,Situation,,"You have recently been appointed to a position in a new project team. Although you are experienced
in the technical aspects of the job, there are aspects of the work that you need to understand. Your
job will eventually require internal liaison and collaboration with other project teams. Although your
manager has proposed an induction and training period for you, many of the issues you are
responsible for require urgent attention.","Immediately arrange meetings with those individuals you feel you will need to
work with","Quickly try to establish how your objectives will relate to your project manager's
objectives","In the initial stages, make sure that you are doing your job as you understood it
from the job description",Spend time building your understanding of the team's objectives for the future,1
746,Situation,,"You lead a team of twelve people. In order to address the department's new objectives you have
been asked to work out your department's yearly plan. Your Manager has given you and other team
leaders a deadline of two weeks so that she can report to the board.","Spend an hour on it, as yearly plans are never followed anyway","Try to complete the plan in time to discuss it with your Manager before she has
to submit it to the board","Before preparing your plan, quickly contact your key stakeholders and ask for
their views on your department","Because of the complexity of the task, turn it into your top priority for the next
two weeks by personally producing a detailed plan",2
747,Situation,,"You are working on a number of projects with tight deadlines and have a lot of basic information to
gather. You have asked other colleagues for help but are unsure of their commitment to help you
gather the information that you need.","Spend time on your work to make sure that you have plenty of latitude/leeway in
case your colleagues don't deliver the help you need in time","Outline the help that you need from others and explain to them why this is
important and the dates by which you need their individual contributions","Reduce the risk by getting the information that you need yourself rather than
relying upon other people","Carry on with the tasks that you need to complete and if others do not
contribute their parts report them to management",2
748,Situation,,"You have just spent a long time writing a report that is due for delivery to a senior manager. A more
experienced and well respected member of the team tells you that she thinks it would be improved
with amendments to several sections of the report.","Make some of the changes she suggested but retain the elements of the report
that you think work best","Trust in your colleague's greater experience and make all of the changes she
suggests","Thank your colleague for her suggestions but trust your own judgment and don't
make any changes to the report","Discuss with your colleague the changes she has suggested and clarify the
reasons for the changes proposed X",4
749,Situation,,"Your company has recently introduced a new computer system which you are unfamiliar with. The system helps in information sharing and collaboration. Your lack of knowledge is affecting this, and the team leader wants to discuss this with you. How do you respond?",Apologise to the team leader and inform him that you will make an effort to improve.,Ask the team leader whether he can assign a colleague to show you how to operate the system.,Stay after work and familiarise yourself with how the system works.,Inform the team leader to give you some time so that you will become familiar with the system.,1
750,Situation,,You have noticed that one of your team members is not completing the job deadlines. You are aware that the team member has dealt with a personal crisis recently. This issue has been affecting the team’s productivity. How do you deal with the situation?,"Check in with the team member regularly and provide reasonable assistance if possible, without disrupting your work.","Leave the team member alone as this behaviour is recent, and he has an excellent work record.",Have an open discussion with the team member and offer reasonable assistance if possible.,Report the situation to the team leader and ask her to resolve the situation.,1
751,Situation,,"You are a recent recruit of a reputable organisation. You have noticed that your team leader is constantly picking out simple faults in your work. The team leader has never provided any feedback or help unless you have committed a mistake. You are interested in your job, but the team leader’s behaviour is making things difficult for you. What do you do next?",Confront the team leader with evidence and ensure that the situation is not repeated thereafter.,Contact the human resources department and enquire whether you could get a transfer to another department.,Contact the human resources department and enquire whether you could get a transfer to another department.,Contact the human resources department and file a report with evidence against the team leader.,3
752,situation,,"You are a team leader. You have been asked to design a new performance review system that would help in identifying high achieving employees. Based on discussions with colleagues, you have identified a few core competencies. But there is disagreement about which ones should make the final cut. What do you do next?","Take charge, ask for the team’s input but make the final decision yourself.",Take charge and work collaboratively with the team to encourage a joint decision.,Tell the team that you are going to make a decision and notify them of this.,Make a decision privately in your own time without the team’s input.,2
753,Situation,,"You are recently going through a personal crisis. You have not informed anyone about this. But this has been affecting your work demands, and a few team members have informed you of how this is affecting the team performance. What do you do?

",Inform your team leader and discuss reasonable work requirements for a fixed period.,Inform the team members of the situation and ask them to give you some time to cope with it.,"Inform your team leader than something is going on but you’d rather not share the details, and see what they say.",Try hard to achieve your deadlines and not focus on your crisis anymore at work.,1
754,Situation,,"You are a team leader. A project handled by your team is nearing the deadline. Unexpectedly, a team member is experiencing some difficulties, which is preventing him from completing his part. There is no sufficient time to bring in another employee and replace the team member. What do you do?",Adapt the work of the remaining members to finish the project on time.,Tell the team member that you are aware of his situation but would appreciate it if he could complete his duties.,Discuss with the team member and plan a flexible schedule that will allow him to complete his work.,Report the issue to the supervisor and ask for an extension on the deadline.,3
755,Situation,,"You are leading a daily huddle with your over-worked nursing team. A new, junior colleague has been regularly interrupting other team members as they voice their own problems (from yesterday). You think they're trying to impress their new team by monopolising the medical answers to each problem raised.",A. Tell the new nurse to stop distracting everyone from alternative solutions.,B. Ask why your more experienced team members are not offering their own solutions,C. Firmly suggest to your new colleague that it's fairer to let everyone contribute.,D. Assuming the others agree with you; state what you think is happening here.,C
756,Situation,,"You've recently started a new job managing a more specialist Customer Service helpdesk. In your first few weeks, you quickly realise that most of the team are introverts and don't converse much. - even in your 1-to-1's. There is poor team spirit and hence quite low job satisfaction.",A. Call a one-off emergency meeting to highlight objectives and the lack of collaboration.,"B. Start by introducing half-hour, weekly catch-up meetings for the while team.",C. Implement compulsory training courses on interpersonal skills as soon as possible.,"D. Familiarise yourself with the team objectives, then email regular updates on each one's progress.",B
757,Situation,,"You are a Finance Analyst with a key job responsibility to research, write and communicate company reports. A further responsibility is to set objectives and review your team intern's work. You've just read through this intern's latest report draft. It does not meet any of the report objectives you set last week. You have little time to improve this key report before it's due with your client.",A. Let your intern find out what happens when a client receives a sub-standard report.,B. Forward the draft report to other analysts in your department for their own comments.,C. Ask your own manager what would have happened if you hadn't checked this report.,D. Email your collated amends to the intern; offering to explain each one in further detail.,D
758,Math,Easy,5 + 3 =,6,7,8,9,C
759,Math,Easy,9 − 4 =,3,4,5,6,C
760,Math,Easy,6 × 2 =,10,11,12,13,C
761,Math,Easy,12 ÷ 3 =,3,4,5,6,B
762,Math,Easy,Solve: x + 5 = 9,3,4,5,6,B
763,Math,Easy,10 − 7 =,2,3,4,5,B
764,Math,Easy,3² =,6,8,9,12,C
765,Math,Easy,15 ÷ 5 =,2,3,4,5,B
766,Math,Easy,7 + 6 =,11,12,13,14,C
767,Math,Easy,Solve: 2x = 8,2,3,4,5,C
768,Math,Easy,4 × 4 =,14,15,16,18,C
769,Math,Easy,20 − 10 =,8,9,10,11,C
770,Math,Easy,8 + 2 =,9,10,11,12,B
771,Math,Easy,18 ÷ 6 =,2,3,4,5,B
772,Math,Easy,9 × 3 =,24,25,26,27,D
773,Math,Easy,Solve: x − 3 = 7,8,9,10,11,C
774,Math,Easy,11 + 5 =,14,15,16,17,C
775,Math,Easy,14 − 6 =,6,7,8,9,C
776,Math,Easy,5 × 5 =,20,22,25,30,C
777,Math,Easy,16 ÷ 4 =,2,3,4,5,C
778,Math,Easy,6 + 7 =,11,12,13,14,C
779,Math,Easy,13 − 5 =,6,7,8,9,C
780,Math,Easy,2 × 9 =,16,17,18,19,C
781,Math,Easy,21 ÷ 7 =,2,3,4,5,B
782,Math,Easy,Solve: x + 2 = 6,2,3,4,5,C
783,Math,Easy,30 − 12 =,16,17,18,19,C
784,Math,Easy,7² =,42,45,49,56,C
785,Math,Easy,24 ÷ 6 =,3,4,5,6,B
786,Math,Easy,8 × 3 =,22,23,24,25,C
787,Math,Easy,Solve: 5x = 20,2,3,4,5,C
788,Math,Easy,10 + 15 =,20,22,25,30,C
789,Math,Easy,40 − 18 =,20,21,22,23,C
790,Math,Easy,9 × 4 =,32,34,36,38,C
791,Math,Easy,36 ÷ 6 =,4,5,6,7,C
792,Math,Easy,Solve: x + 7 = 12,4,5,6,7,B
793,Math,Easy,50 − 25 =,20,23,25,30,C
794,Math,Easy,6² =,30,32,36,40,C
795,Math,Easy,45 ÷ 9 =,4,5,6,7,B
796,Math,Easy,11 × 2 =,20,21,22,23,C
797,Math,Easy,Solve: x − 4 = 10,12,13,14,15,C
798,Math,Easy,13 + 9 =,20,21,22,23,C
799,Math,Easy,60 − 35 =,20,23,25,30,C
800,Math,Easy,12 × 2 =,22,23,24,25,C
801,Math,Easy,48 ÷ 8 =,5,6,7,8,B
802,Math,Easy,Solve: x + 9 = 15,4,5,6,7,C
803,Math,Easy,70 − 40 =,25,28,30,32,C
804,Math,Easy,8² =,60,62,64,66,C
805,Math,Easy,54 ÷ 9 =,5,6,7,8,B
806,Math,Easy,14 × 2 =,26,27,28,30,C
807,Math,Easy,Solve: 3x = 12,2,3,4,5,C
808,Math,Easy,15 + 10 =,23,24,25,26,C
809,Math,Easy,80 − 50 =,25,28,30,32,C
810,Math,Easy,5 × 6 =,28,29,30,31,C
811,Math,Easy,63 ÷ 7 =,8,9,10,11,B
812,Math,Easy,Solve: x − 6 = 8,12,13,14,15,C
813,Math,Easy,18 + 12 =,28,29,30,31,C
814,Math,Easy,90 − 45 =,40,42,45,50,C
815,Math,Easy,4² =,14,15,16,18,C
816,Math,Easy,72 ÷ 8 =,7,8,9,10,C
817,Math,Easy,16 × 2 =,30,31,32,33,C
818,Math,Easy,Solve: 4x = 16,2,3,4,5,C
819,Math,Easy,20 + 30 =,45,48,50,55,C
820,Math,Easy,100 − 60 =,35,38,40,45,C
821,Math,Easy,7 × 8 =,54,55,56,58,C
822,Math,Easy,81 ÷ 9 =,8,9,10,11,B
823,Math,Easy,Solve: x + 10 = 18,6,7,8,9,C
824,Math,Easy,25 + 25 =,45,48,50,55,C
825,Math,Easy,120 − 70 =,45,48,50,55,C
826,Math,Easy,9 × 5 =,40,42,45,48,C
827,Math,Easy,90 ÷ 10 =,8,9,10,11,B
828,Math,Easy,Solve: x − 8 = 12,18,19,20,21,C
829,Math,Easy,33 + 7 =,38,39,40,41,C
830,Math,Easy,150 − 100 =,45,48,50,55,C
831,Math,Easy,6 × 7 =,40,41,42,44,C
832,Math,Easy,56 ÷ 8 =,6,7,8,9,B
833,Math,Easy,Solve: 6x = 24,3,4,5,6,B
834,Math,Easy,44 + 6 =,48,49,50,52,C
835,Math,Easy,200 − 150 =,45,48,50,55,C
836,Math,Easy,3 × 9 =,25,26,27,28,C
837,Math,Easy,64 ÷ 8 =,6,7,8,9,C
838,Math,Easy,Solve: x + 12 = 20,6,7,8,9,C
839,Math,Easy,55 + 5 =,58,59,60,62,C
840,Math,Easy,300 − 200 =,90,95,100,105,C
841,Math,Easy,8 × 6 =,46,47,48,50,C
842,Math,Easy,72 ÷ 9 =,6,7,8,9,C
843,Math,Easy,Solve: 7x = 21,2,3,4,5,B
844,Math,Easy,60 + 15 =,70,72,75,80,C
845,Math,Easy,500 − 250 =,240,245,250,260,C
846,Math,Easy,11 × 3 =,30,31,33,35,C
847,Math,Easy,100 ÷ 10 =,8,9,10,11,C
848,Math,Easy,Solve: x − 15 = 5,18,19,20,21,C
849,Math,Easy,70 + 30 =,90,95,100,105,C
850,Math,Easy,400 − 100 =,250,280,300,320,C
851,Math,Easy,9 × 7 =,60,62,63,65,C
852,Math,Easy,81 ÷ 9 =,7,8,9,10,C
853,Math,Easy,Solve: 8x = 32,2,3,4,5,C
854,Math,Easy,90 + 10 =,95,98,100,105,C
855,Math,Easy,1000 − 500 =,450,480,500,520,C
856,Math,Easy,12 × 3 =,34,35,36,38,C
857,Math,Easy,120 ÷ 12 =,8,9,10,11,C
858,Math,Intermediate,"If x + 1/x = 3, find x² + 1/x²",5,7,9,11,B
859,Math,Intermediate,Solve: 2x + 3 = 11,3,4,5,6,B
860,Math,Intermediate,Factor: x² − 16,(x − 4)(x + 4),(x − 8)(x + 2),(x − 2)(x + 8),(x − 4)²,A
861,Math,Intermediate,Solve: x² = 25,±3,±4,±5,±6,C
862,Math,Intermediate,"Find slope between (2,3) and (6,11)",1,2,3,4,B
863,Math,Intermediate,log₁₀(1000) =,1,2,3,4,C
864,Math,Intermediate,sin(30°) =,0,1/2,√2/2,1,B
865,Math,Intermediate,"Area of triangle: base = 6, height = 4",10,12,14,16,B
866,Math,Intermediate,Solve: 3x − 7 = 8,3,4,5,6,C
867,Math,Intermediate,Derivative of x³,x²,2x²,3x²,4x²,C
868,Math,Intermediate,∫ x dx,x² /2,x²/2 + C,x + C,2x + C,B
869,Math,Intermediate,Probability of rolling a 3 on a fair die,1/3,1/4,1/6,1/2,C
870,Math,Intermediate,Solve: x² − 5x + 6 = 0,"1,6","2,3","3,4","2,4",B
871,Math,Intermediate,ln(e²) =,1,2,e,0,B
872,Math,Intermediate,Solve: 4x + 1 = 17,3,4,5,6,B
873,Math,Intermediate,Factor: x² + 5x + 6,(x+2)(x+3),(x+1)(x+6),(x+3)²,(x+2)(x+4),A
874,Math,Intermediate,cos(0°) =,0,1,-1,undefined,B
875,Math,Intermediate,"Find midpoint of (2,4) and (6,8)","(3,6)","(4,6)","(5,7)","(6,8)",B
876,Math,Intermediate,Solve: 5x − 10 = 0,1,2,3,4,B
877,Math,Intermediate,Derivative of sin x,cos x,−cos x,sin x,−sin x,A
878,Math,Intermediate,∫ 2 dx,2x + C,x² + C,x + C,2 + C,A
879,Math,Intermediate,Probability of heads twice,1/2,1/3,1/4,1,C
880,Math,Intermediate,Solve: x² − 9 = 0,±2,±3,±4,±5,B
881,Math,Intermediate,log₂(8) =,2,3,4,5,B
882,Math,Intermediate,Area of circle radius 3,6π,9π,12π,18π,B
883,Math,Intermediate,Solve: x/2 + 3 = 7,6,7,8,9,C
884,Math,Intermediate,Derivative of 5x,5,x,0,10,A
885,Math,Intermediate,∫ x² dx,x³ + C,x³/3 + C,x² + C,2x³ + C,B
886,Math,Intermediate,Solve: 2x² = 18,±2,±3,±4,±5,B
887,Math,Intermediate,sin(90°) =,0,1,-1,√2,B
888,Math,Intermediate,cos(60°) =,1/2,√2/2,√3/2,1,A
889,Math,Intermediate,Solve: 6x − 12 = 0,1,2,3,4,B
890,Math,Intermediate,log₁₀(10) =,0,1,2,10,B
891,Math,Intermediate,Derivative of e^x,e^x,x e^x,1,ln x,A
892,Math,Intermediate,∫ e^x dx,e^x + C,x e^x,ln x,e^x,A
893,Math,Intermediate,Solve: x² + 4x = 0,"0,4","0,−4","2,−2","1,−4",B
894,Math,Intermediate,Probability of even number on die,1/2,1/3,2/3,1/6,A
895,Math,Intermediate,Area of rectangle 5×8,35,40,45,50,B
896,Math,Intermediate,Solve: 3x + 2 = 14,3,4,5,6,B
897,Math,Intermediate,Solve: 4x − 6 = 10,3,4,5,6,B
898,Math,Intermediate,Factor: x² − 5x − 6,(x−6)(x+1),(x−3)(x−2),(x−1)(x−6),(x+2)(x−3),A
899,Math,Intermediate,tan(45°) =,0,1,√2,∞,B
900,Math,Intermediate,Solve: x² + 9 = 25,±3,±4,±5,±6,B
901,Math,Intermediate,log₂(16) =,2,3,4,5,C
902,Math,Intermediate,Derivative of x⁴,2x³,3x³,4x³,5x³,C
903,Math,Intermediate,∫ 3x² dx,x³ + C,3x³ + C,x³/3 + C,2x³ + C,A
904,Math,Intermediate,Solve: 2x + 5 = 15,4,5,6,7,B
905,Math,Intermediate,cos(90°) =,0,1,-1,undefined,A
906,Math,Intermediate,Area of circle radius 5,10π,15π,20π,25π,D
907,Math,Intermediate,Solve: x² − 6x + 9 = 0,2,3,4,5,B
908,Math,Intermediate,Probability of odd number on die,1/2,1/3,2/3,1/6,A
909,Math,Intermediate,"Determinant of [[3,2],[1,4]]",10,11,12,13,A
910,Math,Intermediate,Solve: x/3 = 7,18,19,20,21,D
911,Math,Intermediate,log₁₀(0.01) =,-1,-2,1,2,B
912,Math,Intermediate,Derivative of cos x,sin x,−sin x,cos x,−cos x,B
913,Math,Intermediate,∫ 4 dx,4x + C,x⁴ + C,x + C,4 + C,A
914,Math,Intermediate,Solve: 5x − 15 = 0,2,3,4,5,B
915,Math,Intermediate,sin(60°) =,1/2,√2/2,√3/2,1,C
916,Math,Intermediate,Area of triangle base 10 height 6,20,25,30,35,C
917,Math,Intermediate,Solve: x² − 8x + 16 = 0,2,3,4,5,C
918,Math,Intermediate,log₅(25) =,1,2,3,5,B
919,Math,Intermediate,Derivative of ln x,1/x,x,ln x,e^x,A
920,Math,Intermediate,∫ 1/x dx,x,ln|x| + C,e^x,x²,B
921,Math,Intermediate,Solve: 6x + 4 = 22,2,3,4,5,B
922,Math,Intermediate,cos(180°) =,1,0,-1,undefined,C
923,Math,Intermediate,Area of square side 9,72,81,90,99,B
924,Math,Intermediate,Solve: x² = 49,±5,±6,±7,±8,C
925,Math,Intermediate,Probability of getting a 6,1/3,1/4,1/6,1/2,C
926,Math,Intermediate,"Determinant of [[1,3],[2,5]]",-1,-2,-3,-4,A
927,Math,Intermediate,Solve: 7x − 21 = 0,2,3,4,5,B
928,Math,Intermediate,log₂(32) =,3,4,5,6,C
929,Math,Intermediate,Derivative of x⁵,4x⁴,5x⁴,6x⁴,3x⁴,B
930,Math,Intermediate,∫ 5x dx,5x² + C,(5/2)x² + C,x² + C,2x² + C,B
931,Math,Intermediate,Solve: x + 8 = 20,10,11,12,13,C
932,Math,Intermediate,sin(0°) =,0,1,-1,undefined,A
933,Math,Intermediate,Area of rectangle 12×4,40,44,48,52,C
934,Math,Intermediate,Solve: x² − 2x − 3 = 0,"1,3","−1,3","−3,1","3,2",B
935,Math,Intermediate,Probability of tail,1/4,1/2,3/4,1,B
936,Math,Intermediate,"Determinant of [[4,1],[2,3]]",8,9,10,11,C
937,Math,Intermediate,Solve: 8x = 64,6,7,8,9,C
938,Math,Intermediate,log₁₀(1) =,0,1,10,-1,A
939,Math,Intermediate,Derivative of 7,0,1,7,x,A
940,Math,Intermediate,∫ 6 dx,6x + C,x⁶ + C,x + C,6 + C,A
941,Math,Intermediate,Solve: x − 12 = 5,15,16,17,18,C
942,Math,Intermediate,cos(30°) =,1/2,√2/2,√3/2,1,C
943,Math,Intermediate,Area of circle radius 4,12π,14π,16π,18π,C
944,Math,Intermediate,Solve: x² − 10x + 25 = 0,3,4,5,6,C
945,Math,Intermediate,Probability of head,1/4,1/2,3/4,1,B
946,Math,Intermediate,"Determinant of [[5,2],[3,1]]",-1,-2,-3,-4,A
947,Math,Intermediate,Solve: x² − 1 = 0,±1,±2,±3,0,A
948,Math,Intermediate,Derivative of ln x,1/x,x,ln x,e^x,A
949,Math,Intermediate,∫ 1 dx,x + C,1/x,ln x,x²,A
950,Math,Intermediate,Probability of drawing red (half red deck),1/4,1/2,3/4,1,B
951,Math,Intermediate,Solve: x² − 4x + 4 = 0,1,2,3,4,B
952,Math,Intermediate,log₃(9) =,1,2,3,4,B
953,Math,Intermediate,sin²x + cos²x =,0,1,2,x,B
954,Math,Intermediate,Area of square side 6,30,32,36,40,C
955,Math,Intermediate,Solve: 7x = 35,4,5,6,7,B
956,Math,Intermediate,Derivative of constant,0,1,constant,x,A
957,situational,Intermediate,". You have noticed that a colleague has not been doing so well recently. One day, they accidentally send the wrong invoice to a customer and you notice it while going through their work. This is quite early on and the situation can still be fixed. What would you do?","They have been causing a lot of mistakes recently, so rather than deal with it you simply report the mistake to your superior.","You take your colleague aside and tell them what they did, help them fix the mistake and advise them to talk to the manager.","You quickly step in, take charge and fix the situation. Once you have fixed it, you speak to your colleague.","You act like nothing has happened. This is none of your business, so you simply go on with your own work.",b
958,situational,Intermediate,You re-enter the main shop floor from the stock room and find a customer yelling at one of your subordinates about a faulty product they purchased. They are in distress and don’t seem to know how to deal with the situation. It seems that if the situation continues for much longer that it might get out of hand. What would you do?,You quickly step in and say your subordinate does not know what to do and take over the case to help the customer by yourself.," You call security to be on standby before approaching the situation to see what is happening. You offer to assist them and once that is clear, you see how your subordinate is.","You act like nothing has happened. This is none of your business, so you simply go on with your own work.",You take a minute to monitor the situation before stepping in and offering to help the customer. You apologize profusely for the error and offer some sort of compensation.,b
959,situational,Intermediate, You are asked to compile information on a prospective client by your supervisor. The client is expected to bring in many projects to the company. You find some compromising information on the client. This can result in losing the client. What do you do next?,You ask your colleagues who have dealt with similar situations for advice.,) You report this to your supervisor as organizational policies are against this.,You discuss this with a senior colleague and seek advice on what to do.,You leave out the information as it can result in losing the client.,b
960,situational,Intermediate,"Your team has been assigned a task that requires collaboration, but one member is not contributing equally, causing delays in the project's completion. What action should you take?",Privately complain to other team members about the non-contributing member's lack of effort,Ignore the situation and focus only on your part of the project,Complete the work of the non-contributing team member yourself to ensure the project stays on track.,Organize a meeting with the whole team to discuss everyone's contributions and address any issues.,d
961,situational,Intermediate," You are dealing with a customer who wants to buy a product that is currently out of stock. The customer is looking increasingly frustrated and dissatisfied. The product, being popular, is available from other sources too. How do you respond?",Suggest the customer try another of your company's stores in the next town.,Apologize and ask the customer to try your company's online store,Offer to order the product and let the customer know how long it will take.,Provide the customer with the details of the product so they can buy it elsewhere.,d
962,LOGIC,Intermediate,,A,B,C,E,E
963,LOGIC,Intermediate,,A,B,C,D,B
964,LOGIC,Intermediate,,A,B,C,D,C
965,LOGIC,Intermediate,,A,B,C,D,B
966,LOGIC,Intermediate,,A,B,C,D,A
967,situational,,"You are a very busy Team Leader, working in the public health sector during a national pandemic. Currently, you're attending the team's latest bi-weekly, virtual presentation on individual projects led by a different team member each week. This particular project leader has already overrun the allocated time. Some of your team look bored now. You agree that this presentation is dragging on too long.","A. You decide to leave the meeting explaining you have urgent work to do asap.
        
        
        ","B. Gently wrap up the session, then hold a presentation review later that day.",C. Wrap-up the session by secretly messaging the whole team to ask questions now.,"D. It's the presenter's responsibility to manage time, so this is not your responsibility",B
968,situational,,"You work in an open plan sales office and you have trouble concentrating because of a noisy colleague sitting nearby. You are not the only one inconvenienced, but no-one has said or done anything about it.","A. Refer the matter to your line manager, since they have overall responsibility.
       ",B. Make even more noise than this colleague - to show them just annoying it is.,"C. Email your noisy colleague to complain, cc'ing in your manager",D. Talk to your noisy colleague and request more reasonable behaviour,D
969,Situational,,"The backlog of work cases in your Accounts department gets bigger by the day. There are many staffing issues (numbers, training etc.) causing this. The upshot is that most of your junior colleagues are now regularly missing each week's target deadline. As the team leader, you must prioritise resolving this situation before it turns into an even bigger crisis.","A. Remind your team of the problems and the clear need to meet every deadline.
       ",B. Communicate to your team that you are resolving the problems personally.,C. Stay positive - and ask your immediate superior for additional resources.,D. Meet with the team to tell them what you believe is causing the problems.,C
970,,,,,,,,
971,,,,,,,,
972,,,,,,,,
973,,,,,,,,
974,,,,,,,,
975,,,,,,,,
976,,,,,,,,
977,,,,,,,,
978,,,,,,,,
979,,,,,,,,
980,,,,,,,,
981,,,,,,,,
982,,,,,,,,
983,,,,,,,,
984,,,,,,,,
985,,,,,,,,
986,,,,,,,,
987,,,,,,,,
988,,,,,,,,
989,,,,,,,,
990,,,,,,,,
991,,,,,,,,
992,,,,,,,,
993,,,,,,,,
994,,,,,,,,
995,,,,,,,,
996,,,,,,,,
997,,,,,,,,
998,,,,,,,,
999,,,,,,,,